Name,Author,Rating,Format,Price
"Into the Abyss: An Extraordinary True Story by Shaben, Carol (2014) Paperback",Carol Shaben,4.3,Paperback,$11.89
"When the Moon Turns to Blood: Lori Vallow, Chad Daybell, and a Story of Murder, Wild Faith, and End Times",Leah Sottile,4.1,Kindle Edition,$15.99
"If You Tell: A True Story of Murder, Family Secrets, and the Unbreakable Bond of Sisterhood",Gregg Olsen,4.3,Kindle Edition,$0.00
The Pale-Faced Lie: A True Story,David Crow,4.5,Paperback,$13.49
"The Earth Is All That Lasts: Crazy Horse, Sitting Bull, and the Last Stand of the Great Sioux Nation",Mark Lee Gardner,4.6,Hardcover,$17.89
"Into the Abyss: An Extraordinary True Story by Shaben, Carol (2014) Paperback",Carol Shaben,4.3,Paperback,$11.89
"River of the Gods: Genius, Courage, and Betrayal in the Search for the Source of the Nile",Audible Audiobook,$0.00
Pictured Life: And True Stories from Northern and Upper Michigan,Kindle Edition,$2.99
Spare (Random House Large Print),Paperback,$22.99
"The Nazi Conspiracy: The Secret Plot to Kill Roosevelt, Stalin, and Churchill",Brad Meltzer,4.5,Hardcover,$18.07
Bloody Martini: A Felonious Monk Mystery (The Felonious Monk Mysteries Book 2),Book 2 of 2: The Felonious Monk Mysteries ,4.1,Kindle Edition,$8.99
Criminal Atonement: The True life story of one of America's Most Wanted Criminals,Harold Andrus,4.8,Paperback,$14.99
The Courage to Be Free: Florida's Blueprint for America's Revival,Ron DeSantis,4.6,Hardcover,$21.41
Breaking Midnight: A True Story,Lynn Walker,4.5,Kindle Edition,$0.00
Never Give an Inch: Fighting for the America I Love,Mike Pompeo,4.7,Hardcover,$20.04
Behave: The Biology of Humans at Our Best and Worst,Audible Audiobook,$0.00
Where the Crawdads Sing,Audible Audiobook,$0.00
"Stop Overthinking: 23 Techniques to Relieve Stress, Stop Negative Spirals, Declutter Your Mind, and Focus on the Present (The Path to Calm)",Book 1 of 12: The Path to Calm ,4.5,Paperback,$14.59
"One Man's Wilderness, 50th Anniversary Edition: An Alaskan Odyssey",Sam Keith,4.8,Paperback,$17.99
"Butcher, Biter, Spy: A True Story of Madness, Mutilation and Unspeakable Acts of Brutality (True Crime)",Part of: True Crime (26 books) ,4.5,Paperback,$11.99
"Don't Waste This Storm: Hope-Filled Thriving, Not Just Barely Surviving, in the Storms of Life",Kindle Edition,$5.99
Recipes for a Sacred Life: True Stories and a Few Miracles,Rivvy Neshama,4.4,Paperback,$15.38
"If You Tell: A True Story of Murder, Family Secrets, and the Unbreakable Bond of Sisterhood",Gregg Olsen,4.3,Paperback,$11.99
The Family Across the Street: A totally unputdownable psychological thriller with a shocking twist,Nicole Trope,4.2,Paperback,$9.89
"Why Do We Say That? 101 Idioms, Phrases, Sayings & Facts! A Brief History On Where They Come From!",Part of: Why do we say that? (2 books) ,4.6,Paperback,$9.99
Stamped from the Beginning: The Definitive History of Racist Ideas in America,Ibram X. Kendi,4.8,Kindle Edition,$12.99
A Black Women's History of the United States (REVISIONING HISTORY Book 5),Book 5 of 5: REVISIONING HISTORY ,4.8,Kindle Edition,$12.99
Overground Railroad: The Green Book and the Roots of Black Travel in America,Candacy A.  Taylor,4.7,Kindle Edition,$13.19
His Truth Is Marching On: John Lewis and the Power of Hope,Jon Meacham,4.9,Kindle Edition,$12.99
The Color of Money: Black Banks and the Racial Wealth Gap,Mehrsa Baradaran,4.8,Kindle Edition,$12.92
The Color of Law: A Forgotten History of How Our Government Segregated America,Richard Rothstein,4.8,Kindle Edition,$7.99
"Vanguard: How Black Women Broke Barriers, Won the Vote, and Insisted on Equality for All",Martha S. Jones,4.7,Kindle Edition,$12.99
Spare,Audible Audiobook,$0.00
The Cold Start Problem: How to Start and Scale Network Effects,Andrew Chen,4.5,Kindle Edition,$0.00
"Physicians' Untold Stories: Miraculous experiences doctors are hesitant to share with their patients, or ANYONE!",Kindle Edition,$9.99
"The Girls Are Gone: The True Story of Two Sisters Who Vanished, the Father Who Kept Searching, and the Adults Who Conspired to Keep the Truth Hidden",Michael Brodkorb,4.0,Kindle Edition,$0.99
The Radium Girls: The Dark Story of America's Shining Women (Harrowing Historical Nonfiction Bestseller About a Courageous Fight for Justice),Kate Moore,4.6,Paperback,$12.97
Make Your Bed: Little Things That Can Change Your Life...And Maybe the World,Hardcover,$11.58
The Pale-Faced Lie: A True Story,David Crow,4.5,Paperback,$13.49
Talking to Strangers: What We Should Know About the People We Don't Know,Audible Audiobook,$0.00
The Spy and the Traitor: The Greatest Espionage Story of the Cold War,Ben Macintyre,4.7,Paperback,$14.21
Spilled Milk: Based on a True Story,Audible Audiobook,$0.00
The Redhead of Auschwitz: A True Story (Holocaust Survivor True Stories WWII),Part of: Holocaust Survivor True Stories WWII (31 books) ,4.8,Paperback,$16.16
The Revolutionary: Samuel Adams,Stacy Schiff,4.3,Hardcover,$17.50
Cuba (Winner of the Pulitzer Prize): An American History,Paperback,$17.99
Endurance,Alfred Lansing,4.8,Paperback,$12.59
"Dead in the Water: A True Story of Hijacking, Murder, and a Global Maritime Conspiracy",Matthew Campbell,4.4,Kindle,$14.99
Profiles in Ignorance: How America's Politicians Got Dumb and Dumber,Andy Borowitz,4.7,Hardcover,$15.54
And There Was Light: Abraham Lincoln and the American Struggle,Jon Meacham,4.7,Hardcover,$20.00
Vanderbilt: The Rise and Fall of an American Dynasty,Audible Audiobook,$0.00
Starry Messenger: Cosmic Perspectives on Civilization,Audible Audiobook,$0.00
F*cking History: 111 Lessons You Should Have Learned in School,Audible Audiobook,$0.00
The Happiest Man on Earth: The Beautiful Life of an Auschwitz Survivor,Audible Audiobook,$0.00
"Physicians' Untold Stories: Miraculous experiences doctors are hesitant to share with their patients, or ANYONE!",Paperback,$14.95
"The Last Castle: The Epic Story of Love, Loss, and American Royalty in the Nation's Largest Home",Denise Kiernan,4.4,Paperback,$10.67
Caste: The Origins of Our Discontents,Isabel Wilkerson,4.8,Paperback,$14.98
The League: How Five Rivals Created the NFL and Launched a Sports Empire,John Eisenberg,4.6,Paperback,$10.99
Cloudbuster Nine: The Untold Story of Ted Williams and the Baseball Team That Helped Win World War II,Anne R. Keene,4.6,Paperback,$16.19
Billion Dollar Whale,Audible Audiobook,$0.00
Powers and Thrones: A New History of the Middle Ages,Audible Audiobook,$0.00
The Boys from Biloxi: A Legal Thriller,John Grisham,4.4,Kindle,$14.99
Women in White Coats: How the First Women Doctors Changed the World of Medicine,Olivia Campbell,4.3,Paperback,$15.89
Against All Odds: A True Story of Ultimate Courage and Survival in World War II,Alex Kershaw,4.6,Hardcover,$20.00
All the Forgivenesses,Elizabeth Hardinger,4.5,Paperback,$10.79
"The Greatest Beer Run Ever: A Memoir of Friendship, Loyalty, and War",J. T. Molloy,4.6,Paperback,$15.99
The Girl in the Leaves (Berkley True Crime),Robert Scott,4.2,Kindle,$9.99
No Time Like the Future,Michael J Fox,4.7,Paperback,$12.59
History of the American Frontier - 1763-1893,Frederic L. Paxson,3.9,Paperback,$19.79
The Forgotten 500: The Untold Story of the Men Who Risked All for the Greatest Rescue Mission of World War II,Gregory A. Freeman,4.7,Paperback,$12.30
A Woman of No Importance: The Untold Story of the American Spy Who Helped Win World War II,Sonia Purnell,4.5,Paperback,$11.99
Empire of Pain: The Secret History of the Sackler Dynasty,Audible Audiobook,$0.00
The Last Hill: The Epic Story of a Ranger Battalion and the Battle That Defined WWII,Bob Drury,4.6,Hardcover,$26.99
In Order to Live: A North Korean Girl's Journey to Freedom,Yeonmi Park,4.8,Paperback,$15.99
"Friends, Lovers, and the Big Terrible Thing: A Memoir",Audible Audiobook,$0.00
Black Ops: The Life of a CIA Shadow Warrior,Audible Audiobook,$0.00
"Into the Abyss: An Extraordinary True Story by Shaben, Carol (2014) Paperback",Carol Shaben,4.3,Paperback,$11.89
Storm Clouds Rolling In (#1 in the Bregdan Chronicles Historical Fiction Series),Book 1 of 20: The Bregdan Chronicles ,4.4,Kindle Edition,$0.00
"If You Tell: A True Story of Murder, Family Secrets, and the Unbreakable Bond of Sisterhood",Gregg Olsen,4.3,Kindle Edition,$0.00
"Butcher, Biter, Spy: A True Story of Madness, Mutilation and Unspeakable Acts of Brutality (True Crime)",Part of: True Crime (26 books) ,4.5,Paperback,$11.99
The Warmth of Other Suns: The Epic Story of America's Great Migration,Audible Audiobook,$0.00
"5,000 Awesome Facts (About Everything!)",Part of: National Geographic Kids (118 books) ,4.8,Hardcover,$11.05
The Story Behind: The Extraordinary History Behind Ordinary Objects,Emily Prokop,4.4,Paperback,$15.49
Irreparable: Three Lives. Two Deaths. One Story that Has to be Told.,Mark Gerardot,4.2,Kindle,$0.00
"Five Families: The Rise, Decline, and Resurgence of America's Most Powerful Mafia Empires",Selwyn Raab,4.7,Paperback,$18.99
Just Mercy: A Story of Justice and Redemption,Bryan Stevenson,4.8,Paperback,$8.88
Recipes for a Sacred Life: True Stories and a Few Miracles,Rivvy Neshama,4.4,Paperback,$15.38
"One Man's Wilderness, 50th Anniversary Edition: An Alaskan Odyssey",Sam Keith,4.8,Paperback,$17.99
The Cold Start Problem: How to Start and Scale Network Effects,Andrew Chen,4.5,Kindle Edition,$0.00
"Physicians' Untold Stories: Miraculous experiences doctors are hesitant to share with their patients, or ANYONE!",Kindle Edition,$9.99
American Predator: The Hunt for the Most Meticulous Serial Killer of the 21st Century,Audible Audiobook,$0.00
Freaking Idiots Guide To Selling On eBay: How anyone can make $100 or more everyday selling on eBay (eBay Selling Made Easy),Book 1 of 12: eBay Selling Made Easy ,4.1,Paperback,$15.99
Lady in Waiting: My Extraordinary Life in the Shadow of the Crown,Audible Audiobook,$0.00
My Own Words,Audible Audiobook,$0.00
"When the Moon Turns to Blood: Lori Vallow, Chad Daybell, and a Story of Murder, Wild Faith, and End Times",Leah Sottile,4.1,Kindle Edition,$15.99
"Surrender: A Memoir of Nature, Nurture, and Love",Marylee MacDonald,4.3,Kindle Edition,$6.99
The Pale-Faced Lie: A True Story,David Crow,4.5,Paperback,$13.49
"Don't Waste This Storm: Hope-Filled Thriving, Not Just Barely Surviving, in the Storms of Life",Kindle Edition,$5.99
"Invisible Child: Poverty, Survival & Hope in an American City (Pulitzer Prize Winner)",Andrea Elliott,4.7,Paperback,$15.70
Code Talker: The First and Only Memoir By One of the Original Navajo Code Talkers of WWII,Chester Nez,4.7,Paperback,$13.94
The Book of Joy: Lasting Happiness in a Changing World,Audible Audiobook,$0.00
Saved: A War Reporter's Mission to Make It Home,Benjamin Hall,Hardcover,$28.80
George Washington Dealmaker-In-Chief: The Story of How The Father of Our Country Unleashed The Entrepreneurial Spirit in America,Cyrus A. Ansary,4.7,Paperback,$12.83
Don Rickles: The Merchant of Venom,Michael  Starr,4.1,Kindle,$0.00
"The Biggest Ideas in the Universe: Space, Time, and Motion",Hardcover,$19.99
The Power of Your Subconscious Mind,Joseph Murphy,4.6,Paperback,$4.45
The Mosquito Bowl: A Game of Life and Death in World War II,Buzz Bissinger,4.3,Hardcover,$18.49
"One Man's Wilderness, 50th Anniversary Edition: An Alaskan Odyssey",Sam Keith,4.8,Paperback,$17.99
Battle for the American Mind: Uprooting a Century of Miseducation,Pete Hegseth,4.8,Hardcover,$14.49
Dead Mountain: The Untold True Story of the Dyatlov Pass Incident (-),Donnie Eichar,4.5,Paperback,$10.99
Home Sweet Murder (ID True Crime Book 2),Book 2 of 6: Murder Is Forever ,4.4,Kindle,$0.00
So Help Me Golf: Why We Love the Game,Rick Reilly,4.6,Hardcover,$14.59
Successful Aging: A Neuroscientist Explores the Power and Potential of Our Lives,Daniel J. Levitin,4.4,Paperback,$14.69
"The Last Campaign: Sherman, Geronimo and the War for America",H. W. Brands,4.4,Kindle,$14.99
The Lost City of the Monkey God: A True Story,Part of: The Lost City of the Monkey God (1 books) ,4.4,Audible Audiobook,$0.00
The Accidental President: Harry S. Truman and the Four Months That Changed the World,A. J. Baime,4.7,Paperback,$10.39
American Mother: Dangerous Women - True Crime Stories,Part of: Dangerous Women - True Crime Stories (2 books) ,3.8,Audible Audiobook,$0.00
"The Nazi Conspiracy: The Secret Plot to Kill Roosevelt, Stalin, and Churchill",Brad Meltzer,4.5,Hardcover,$18.07
The Weight of Air: A Story of the Lies about Addiction and the Truth about Recovery,David Poses,4.5,Paperback,$14.14
"Life Skills for Kids: How to Cook, Clean, Make Friends, Handle Emergencies, Set Goals, Make Good Decisions, and Everything in Between",Karen Harris,4.5,Paperback,$11.90
Faith Still Moves Mountains: Miraculous Stories of the Healing Power of Prayer,Harris Faulkner,4.8,Hardcover,$17.45
Number One Is Walking: My Life in the Movies and Other Diversions,Steve Martin,4.4,Hardcover,$15.00
Midnight in Chernobyl,Audible Audiobook,$0.00
The Vagabonds: The Story of Henry Ford and Thomas Edison's Ten-Year Road Trip (Thorndike Press Large Print Biographies and Memoir),Jeff Guinn,4.6,Library Binding,$32.99
Tiger & Phil: Golf's Most Fascinating Rivalry,Bob Harig,4.4,Hardcover,$20.47
The Wreck,Part of: Great Lakes Saga (4 books) ,4.2,Audible Audiobook,$0.00
Surviving The Forest (World War II Brave Women Fiction),Book 3 of 9: World War II Brave Women Fiction ,4.5,Paperback,$15.56
Never Give an Inch: Fighting for the America I Love,Mike Pompeo,4.7,Hardcover,$20.04
"National Geographic Kids Why?: Over 1,111 Answers to Everything",Part of: National Geographic Kids (118 books) ,4.8,Hardcover,$17.99
The Extraordinary Life of an Ordinary Man: A Memoir,Hardcover,$24.98
"Butcher, Biter, Spy: A True Story of Madness, Mutilation and Unspeakable Acts of Brutality (True Crime)",Part of: True Crime (26 books) ,4.5,Paperback,$11.99
"The Trials of Harry S. Truman: The Extraordinary Presidency of an Ordinary Man, 1945-1953",Jeffrey Frank,4.5,Hardcover,$16.26
"The Lost Paratroopers of Normandy: A Story of Resistance, Courage, and Solidarity in a French Village",Stephen G. Rabe,4.3,Hardcover,$22.28
The Courage to Be Free: Florida's Blueprint for America's Revival,Ron DeSantis,4.6,Hardcover,$21.41
Bone Deep: Untangling the Betsy Faria Case,Audible Audiobook,$0.00
"The Girls Are Gone: The True Story of Two Sisters Who Vanished, the Father Who Kept Searching, and the Adults Who Conspired to Keep the Truth Hidden",Michael Brodkorb,4.0,Kindle,$0.99
Being Mortal,Atul Gawande,4.8,Paperback,$9.99
Stalin's War: A New History of World War II,Audible Audiobook,$0.00
The Golf Round I'll Never Forget: Fifty of Golf's Biggest Stars Recall Their Finest Moments,Matt Adams,4.7,Paperback,$24.95
"The Divider: Trump in the White House, 2017-2021",Audible Audiobook,$0.00
Inspirational Sports Stories for Young Readers: How 12 World-Class Athletes Overcame Challenges and Rose to the Top,Kurt Taylor,4.7,Paperback,$10.99
Scandalous Women Of The Old West: Women Who Dared To Be Different,Donna Pedace,4.5,Paperback,$19.95
"What Really Happened In Wuhan: A Virus Like No Other, Countless Infections, Millions of Deaths",Sharri Markson,4.8,Hardcover,$14.86
Alexander Hamilton,Audible Audiobook,$0.00
Salt: A World History,Mark Kurlansky,4.4,Paperback,$13.79
Criminal Atonement: The True life story of one of America's Most Wanted Criminals,Harold Andrus,4.8,Paperback,$14.99
Freaking Idiots Guides 4 Book Bundle Ebay Fiverr Kindle & Public Domain,Book 9 of 12: eBay Selling Made Easy ,4.7,Paperback,$19.99
The 1619 Project: A New Origin Story,Audible Audiobook,$0.00
"Surrender: 40 Songs, One Story",Audible Audiobook,$0.00
101 Things Every Boy Needs To Know: Important Life Advice for Teenage Boys!,Jamie Myers,4.5,Paperback,$11.89
The Company: The Rise and Fall of the Hudson's Bay Empire,Paperback,$19.95
Principles for Dealing with the Changing World Order: Why Nations Succeed and Fail,Ray Dalio,4.6,Hardcover,$21.49
The Way I Heard It,Audible Audiobook,$0.00
Talking to GOATs: The Moments You Remember and the Stories You Never Heard,Audible Audiobook,$0.00
Making a Difference: An Inspirational Book About Kids Changing the World! (Young Change Makers),Part of: Young Change Makers (7 books) ,4.7,Paperback,$11.11
"Buried Beneath the Boarding House: A Shocking True Story of Deception, Exploitation and Murder (True Crime)",Part of: True Crime (26 books) ,4.4,Paperback,$11.99
Spectacular Stories for Curious Kids Sports Edition: Fascinating Tales to Inspire & Amaze Young Readers,Part of: Spectacular Stories for Curious Kids (5 books) ,4.8,Paperback,$11.99
Our Little Secret: The True Story of a Teenage Killer and the Silence of a Small New England Town,Kevin Flynn,4.4,Mass Market Paperback,$7.99
"Three Ordinary Girls: The Remarkable Story of Three Dutch Teenagers Who Became Spies, Saboteurs, Nazi Assassins--and WWII Heroes",Tim Brady,4.4,Hardcover,$22.99
One Damn Thing After Another: Memoirs of an Attorney General,William P. Barr,4.4,Hardcover,$18.29
They Were Christians: The Inspiring Faith of Men and Women Who Changed the World,Cristóbal Krusen,4.7,Paperback,$11.29
The Best American Science And Nature Writing 2022,Ayana Elizabeth Johnson,4.1,Paperback,$16.19
"This Will Not Pass: Trump, Biden and the Battle for American Democracy",Audible Audiobook,$0.00
Marine Raiders: The True Story of the Legendary WWII Battalions (World War II Collection),Carole Engle Avriett,4.7,Paperback,$13.91
A People's History of the World: From the Stone Age to the New Millennium,Chris Harman,4.5,Paperback,$17.79
Happy-Go-Lucky,Audible Audiobook,$0.00
The Finest Hours (Young Readers Edition): The True Story of a Heroic Sea Rescue (True Rescue Series),Part of: True Rescue (7 books) ,4.6,Paperback,$6.78
"Torture Mom: A Chilling True Story of Confinement, Mutilation and Murder (True Crime)",Part of: True Crime (26 books) ,4.5,Paperback,$11.99
The Economics of Discontent: From Failing Elites to The Rise of Populism,Jean-Michel Paul,4.3,Kindle,$0.00
"The Darkest Night: Two Sisters, a Brutal Murder, and the Loss of Innocence in a Small Town",Ron Franscell,4.5,Mass Market Paperback,$9.99
Illegitimate Sun: How a Naval Cryptologist Cracked the Code of Life Lessons,Kenneth Earl,4.4,Paperback,$8.17
An Immense World: How Animal Senses Reveal the Hidden Realms Around Us,Audible Audiobook,$0.00
"Prisoners of the Castle: An Epic Story of Survival and Escape from Colditz, the Nazis' Fortress Prison",Ben Macintyre,4.5,Kindle,$13.99
Rising Above: How 11 Athletes Overcame Challenges in Their Youth to Become Stars,Gregory Zuckerman,4.7,Paperback,$9.99
America's Heroes and History: A Brian Kilmeade Collection,Brian Kilmeade,4.9,Paperback,$47.99
"Deliberate Cruelty: Truman Capote, the Millionaire's Wife, and the Murder of the Century",Roseanne Montillo,3.9,Kindle,$14.99
Educated: A Memoir,Audible Audiobook,$0.00
Jungle: A Harrowing True Story of Survival in the Amazon,Yossi Ghinsberg,4.4,Kindle,$10.99
The Escape Artist: The Man Who Broke Out of Auschwitz to Warn the World,Jonathan Freedland,4.6,Kindle,$14.99
Zero Fail: The Rise and Fall of the Secret Service,Audible Audiobook,$0.00
"The Bond King: How One Man Made a Market, Built an Empire, and Lost It All",Audible Audiobook,$0.00
The Gray Bird of Baghdad: An Ex-Secret Service Agent‘s Desperate Mission to Save an Iraqi Scientist,Stephen Phillip Monteiro,4.9,Paperback,$16.19
The Queen: Her Life,Andrew Morton,4.6,Hardcover,$19.46
The Best American Essays 2022,Robert Atwan,4.6,Paperback,$16.19
"Into the Abyss: An Extraordinary True Story by Shaben, Carol (2014) Paperback",Carol Shaben,4.3,Paperback,$11.89
"Butcher, Biter, Spy: A True Story of Madness, Mutilation and Unspeakable Acts of Brutality (True Crime)",Part of: True Crime (26 books) ,4.5,Paperback,$11.99
"Don't Waste This Storm: Hope-Filled Thriving, Not Just Barely Surviving, in the Storms of Life",Kindle Edition,$5.99
The Cold Start Problem: How to Start and Scale Network Effects,Andrew Chen,4.5,Kindle Edition,$0.00
The Gift of Influence: Creating Life-Changing and Lasting Impact in Your Everyday Interactions,Tommy Spaulding,4.7,Hardcover,$20.49
"The Lost Boys of Montauk: The True Story of the Wind Blown, Four Men Who Vanished at Sea, and the Survivors They Left Behind",Amanda M. Fairbanks,4.1,Paperback,$15.99
"Sleeping with a Psychopath: A real-life psychological crime thriller, the unbelievable true story. THE SUNDAY TIMES TOP TEN BESTSELLER",Carolyn Woods,4.3,Paperback,$15.17
Stephen Curry: The Children's Book: The Boy Who Never Gave Up,Anthony Curcio,4.7,Paperback,$8.13
"Tesla: Wizard at War: The Genius, the Particle Beam Weapon, and the Pursuit of Power",Hardcover,$19.99
"The Bond King: How One Man Made a Market, Built an Empire, and Lost It All",Audible Audiobook,$0.00
50 Masterpieces you have to read before you die vol: 1,Kindle,$1.99
Spectacular Stories for Curious Kids: A Fascinating Collection of True Tales to Inspire & Amaze Young Readers,Part of: Spectacular Stories for Curious Kids (5 books) ,4.7,Paperback,$11.26
Vacuuming in the Nude: And Other Ways to Get Attention,Peggy Rowe,4.8,Hardcover,$13.74
The Pale-Faced Lie: A True Story,David Crow,4.5,Paperback,$13.49
"If You Tell: A True Story of Murder, Family Secrets, and the Unbreakable Bond of Sisterhood",Gregg Olsen,4.3,Kindle Edition,$0.00
IT AIN'T SO!: Shoeless Joe Jackson's Story,Alan Thurston,4.1,Paperback,$12.99
James Patterson by James Patterson: The Stories of My Life,James Patterson,4.6,Hardcover,$15.15
Sapiens: A Brief History of Humankind,Part of: A Brief History Series (2 books) ,4.6,Audible Audiobook,$0.00
Zero Fail: The Rise and Fall of the Secret Service,Audible Audiobook,$0.00
"Physicians' Untold Stories: Miraculous experiences doctors are hesitant to share with their patients, or ANYONE!",Kindle Edition,$9.99
"When the Moon Turns to Blood: Lori Vallow, Chad Daybell, and a Story of Murder, Wild Faith, and End Times",Leah Sottile,4.1,Kindle Edition,$15.99
19 Minutes to Live - Helicopter Combat in Vietnam: A Memoir by Lew Jennings,Lew Jennings,4.6,Paperback,$17.96
"Surrender: A Memoir of Nature, Nurture, and Love",Marylee MacDonald,4.3,Kindle Edition,$6.99
Make $1000 Selling on eBay Before Christmas (eBay Selling Made Easy),Book 8 of 12: eBay Selling Made Easy ,3.8,Paperback,$9.99
Happy-Go-Lucky,Audible Audiobook,$0.00
Wind of Change: An American Journey in Post-Soviet Russia,Kenneth Maher,4.7,Kindle,$2.99
Gangsters vs. Nazis: How Jewish Mobsters Battled Nazis in WW2 Era America,Michael Benson,4.3,Hardcover,$24.30
Recipes for a Sacred Life: True Stories and a Few Miracles,Rivvy Neshama,4.4,Paperback,$15.38
"The Girls Are Gone: The True Story of Two Sisters Who Vanished, the Father Who Kept Searching, and the Adults Who Conspired to Keep the Truth Hidden",Michael Brodkorb,4.0,Kindle Edition,$0.99
"Extreme Survival: Lessons from Those Who Have Triumphed Against All Odds (Survival Stories, True Stories)",Paperback,$17.99
"Life Changing Vision: Launch Direct Action, Realizing Necessary Elements, To Live Large",L. Darnell Williams,4.5,Kindle,$0.00
Helltown: The Untold Story of a Serial Killer on Cape Cod,Casey Sherman,4.1,Kindle,$8.57
The Body: A Guide for Occupants,Audible Audiobook,$0.00
"Interesting Facts For Curious Minds: 1572 Random But Mind-Blowing Facts About History, Science, Pop Culture And Everything In Between",Jordan Moore,4.5,Paperback,$12.89
American Schism: How the Two Enlightenments Hold the Secret to Healing our Nation,Hardcover,$15.99
"Super Interesting Facts For Smart Kids: 1272 Fun Facts About Science, Animals, Earth and Everything in Between",Jordan Moore,4.7,Paperback,$11.90
The Bucket List: 1000 Adventures Big & Small,Kath Stathers,4.7,Hardcover,$20.99
"The Splendid and the Vile: A Saga of Churchill, Family, and Defiance During the Blitz",Audible Audiobook,$0.00
"World War II Inspiring Stories for Kids: A Collection of Unbelievable True Tales About Goodness, Friendship, Courage, and Rescue to Inspire Young ... Events of WWII (Facts & History Book)",Ennis Jemmy,4.7,Paperback,$8.99
Recipes for a Sacred Life: True Stories and a Few Miracles,Rivvy Neshama,4.4,Paperback,$15.38
After All ... : A True Story,Maria  Trautman,4.3,Kindle,$0.00
The Year's Best Sports Writing 2022,J.A. Adande,4.4,Paperback,$18.33
Behind Closed Doors: A Daughter's Story,Daniella DeChristopher,4.2,Paperback,$10.99
A Game of Extremes: 25 Exceptional Baseball Stories about What Happened on and off the Field,Part of: A Game of Extremes. (4 books) ,4.3,Paperback,$15.97
"Imagine Heaven: Near-Death Experiences, God's Promises, and the Exhilarating Future That Awaits You",John Burke,4.8,Paperback,$11.50
Lost on Purpose: The Adventures of a 21st Century Mountain Man (Adventures of a 21st Mountain Man),Patrick Taylor,4.3,Paperback,$14.95
12 Rules for Life: An Antidote to Chaos,Audible Audiobook,$0.00
Spaced Out: The Tactical Evolution of the Modern NBA,Mike Prada,4.4,Kindle,$11.99
Damaged Goods: a Memoir,Shelley Louise,4.3,Paperback,$12.95
Mistakes That Worked: 40 Familiar Inventions & How They Came to Be,Charlotte Foltz Jones,4.7,Paperback,$10.67
"Interesting Stories for Curious Kids: A Fascinating Collection of the Most Interesting, Unbelievable, and Craziest Stories on Earth!",Bill O'Neill,4.6,Paperback,$11.90
"Psychological Triggers: Human Nature, Irrationality, and Why We Do What We Do. The Hidden Influences Behind Our Actions, Thoughts, and Behaviors.",Book 3 of 7: Understand Your Brain Better ,4.4,Paperback,$13.25
"Walk the Blue Line: No right, no left―just cops telling their true stories to James Patterson.",James Patterson,4.3,Hardcover,$19.98
Upstairs at the White House: My Life with the First Ladies,J. B. West,4.5,Kindle,$10.44
American Psychosis: A Historical Investigation of How the Republican Party Went Crazy,Audible Audiobook,$0.00
The Best New True Crime Stories: Unsolved Crimes & Mysteries,Part of: The Best New True Crime Stories (8 books) ,4.8,Paperback,$18.59
The Trail: a novel,Ethan Gallogly,4.5,Kindle,$0.00
The Quiet Americans: Four CIA Spies at the Dawn of the Cold War--a Tragedy in Three Acts,Scott Anderson,4.5,Kindle,$9.99
The 50 States: Explore the U.S.A. with 50 fact-filled maps!,Part of: The 50 States (10 books) ,4.8,Hardcover,$25.99
When Heroes Flew,Book 1 of 4: When Heroes Flew ,4.5,Kindle,$0.00
"Into the Abyss: An Extraordinary True Story by Shaben, Carol (2014) Paperback",Carol Shaben,4.3,Paperback,$11.89
"If You Tell: A True Story of Murder, Family Secrets, and the Unbreakable Bond of Sisterhood",Gregg Olsen,4.3,Kindle Edition,$0.00
"Butcher, Biter, Spy: A True Story of Madness, Mutilation and Unspeakable Acts of Brutality (True Crime)",Part of: True Crime (26 books) ,4.5,Paperback,$11.99
"One Man's Wilderness, 50th Anniversary Edition: An Alaskan Odyssey",Sam Keith,4.8,Paperback,$17.99
Greenlights,Audible Audiobook,$0.00
Never Say Invisible: A Memoir of Living and Being Seen with ALS,Jeremy  Schreiber,4.5,Kindle,$0.00
American Psychosis: A Historical Investigation of How the Republican Party Went Crazy,Audible Audiobook,$0.00
The Quiet Americans: Four CIA Spies at the Dawn of the Cold War--a Tragedy in Three Acts,Scott Anderson,4.5,Kindle,$9.99
I Was Just a Radioman: The Memoirs of a Pearl Harbor Survivor - Large Print,Pamela Ackerson,4.3,Paperback,$21.99
The Best New True Crime Stories: Unsolved Crimes & Mysteries,Part of: The Best New True Crime Stories (8 books) ,4.8,Paperback,$18.59
The Pale-Faced Lie: A True Story,David Crow,4.5,Paperback,$13.49
The Trail: a novel,Ethan Gallogly,4.5,Kindle,$0.00
"American OZ: An Astonishing Year Inside Traveling Carnivals at State Fairs & Festivals: Hitchhiking From California to New York, Alaska to Mexico",Michael Sean Comerford,4.2,Kindle,$9.99
Lost Airmen: The Epic Rescue of WWII U.S. Bomber Crews Stranded Behind Enemy Lines,Charles E. Stanley Jr.,4.7,Hardcover,$20.49
The Baseball 100,Joe Posnanski,4.8,Paperback,$20.75
"When the Moon Turns to Blood: Lori Vallow, Chad Daybell, and a Story of Murder, Wild Faith, and End Times",Leah Sottile,4.1,Kindle Edition,$15.99
The Cold Start Problem: How to Start and Scale Network Effects,Andrew Chen,4.5,Kindle Edition,$0.00
"Don't Waste This Storm: Hope-Filled Thriving, Not Just Barely Surviving, in the Storms of Life",Kindle Edition,$5.99
"Physicians' Untold Stories: Miraculous experiences doctors are hesitant to share with their patients, or ANYONE!",Kindle Edition,$9.99
"No Better Friend: Young Readers Edition: A Man, a Dog, and Their Incredible True Story of Friendship and Survival in World War II",Robert Weintraub,4.8,Paperback,$8.99
The Boys in the Boat: Nine Americans and Their Epic Quest for Gold at the 1936 Berlin Olympics,Daniel James Brown,4.8,Paperback,$14.05
High Achiever: The Incredible True Story of One Addict's Double Life,Audible Audiobook,$0.00
"The Rifle: Combat Stories from America's Last WWII Veterans, Told Through an M1 Garand (World War II Collection)",Andrew Biggio,4.9,Paperback,$18.99
"Journey to Safe Harbor: Memoir of Three Generations Self Love, Forgiveness, Reconnection",Elizabeth Jacks Scott,4.5,Kindle Edition,$2.99
"The Girls Are Gone: The True Story of Two Sisters Who Vanished, the Father Who Kept Searching, and the Adults Who Conspired to Keep the Truth Hidden",Michael Brodkorb,4.0,Kindle Edition,$0.99
19 Minutes to Live - Helicopter Combat in Vietnam: A Memoir by Lew Jennings,Lew Jennings,4.6,Paperback,$17.96
My Survival: A Girl on Schindler's List,Joshua M. Greene,4.7,Paperback,$7.99
The Candy In My Pocket,John Robert Wiltgen,5.0,Hardcover,$23.96
Observations on the Danger of Female Curiosity: Including an account of the unnatural tendencies arising on the over-stimulation of the mind of a lady (Curiosity Series Book 1),Book 1 of 1: Curiosity Series ,4.6,Kindle,$0.00
Life on the Mississippi: An Epic American Adventure,Rinker Buck,4.3,Hardcover,$16.29
How to Stop Worrying and Start Living: Time-Tested Methods for Conquering Worry,Audible Audiobook,$0.00
"Start, Stay, or Leave: The Art of Decision Making",Trey Gowdy,4.8,Hardcover,$18.59
Superpower in Peril: A Battle Plan to Renew America,David McCormick,Hardcover,$29.00
Case Closed?: Nine Mysteries Unlocked by Modern Science,Susan Hughes,4.6,Paperback,$12.99
The Pioneers: The Heroic Story of the Settlers Who Brought the American Ideal West (Thorndike Press Large Print Popular and Narrative Nonfiction),David McCullough,4.4,Library Binding,$34.99
Donald Trump v. The United States: Inside the Struggle to Stop a President,Michael S. Schmidt,4.6,Paperback,$17.99
Atomic Habits: An Easy & Proven Way to Build Good Habits & Break Bad Ones,Audible Audiobook,$0.00
Confidence Man: The Making of Donald Trump and the Breaking of America,Audible Audiobook,$0.00
"Life Skills for Teens: How to Cook, Clean, Manage Money, Fix Your Car, Perform First Aid, and Just About Everything in Between",Karen Harris,4.6,Paperback,$9.99
Killers of the Flower Moon: The Osage Murders and the Birth of the FBI,David Grann,4.6,Kindle,$12.99
"The Story of The Masters: Drama, joy and heartbreak at golf's most iconic tournament",David Barrett,4.6,Hardcover,$20.74
Bought and Sold (Part 1 of 3),Book 1 of 3: Bought and Sold ,3.9,Kindle,$0.00
Phil: The Rip-Roaring (and Unauthorized!) Biography of Golf's Most Colorful Superstar,Alan Shipnuck,4.3,Hardcover,$14.99
Upstairs at the White House: My Life with the First Ladies,J. B. West,4.5,Kindle,$10.44
The General and the Genius (World War II Collection),James Kunetka,4.7,Paperback,$17.99
The Food Lab: Better Home Cooking Through Science,J. Kenji López-Alt,4.9,Hardcover,$27.99
Grant,Audible Audiobook,$0.00
A Man of Iron: The Turbulent Life and Improbable Presidency of Grover Cleveland,Troy Senik,4.4,Hardcover,$21.30
"Why Do We Say That? - 202 Idioms, Phrases, Sayings & Facts! A Brief History On Where They Come From!",Scott Matthews,4.7,Paperback,$14.95
Atlas of the Heart: Mapping Meaningful Connection and the Language of Human Experience,Audible Audiobook,$0.00
"Best Seller Business: How to Strategically Launch a Non-Fiction Book to Help Position Yourself as an Expert, Gain Credibility and Skyrocket Your Career (Business Writing Secrets)",Part of: Business Writing Secrets (2 books) ,4.2,Kindle,$0.00
"Extraordinary Women In History: 70 Remarkable Women Who Made a Difference, Inspired & Broke Barriers",Leah Gail,4.3,Paperback,$12.99
A Lovely Girl: The Tragedy of Olga Duncan and the Trial of One of California's Most Notorious Killers,Deborah Holt Larkin,4.5,Kindle,$18.99
Cleopatra: A Life,Stacy Schiff,4.2,Paperback,$11.10
"At Any Cost: A Father's Betrayal, a Wife's Murder, and a Ten-Year War for Justice",Rebecca Rosenberg,4.4,Kindle,$9.99
Renegades: Born in the USA,Barack Obama,4.8,Hardcover,$26.13
The Subtle Art of Not Giving a F*ck: A Counterintuitive Approach to Living a Good Life,Part of: The Subtle Art of Not Giving a F*ck (2 books) ,4.6,Audible Audiobook,$0.00
Inspirational Basketball Short Stories for Young Reader: How 30 Legendary Player Overcame Challenges and Developing Life Lessons for Youngsters,Paperback,$11.97
"The Taking of Jemima Boone: Colonial Settlers, Tribal Nations, and the Kidnap That Shaped America",Matthew Pearl,4.3,Hardcover,$19.30
The Last Days of John Lennon,James Patterson,4.6,Paperback,$14.22
"Into the Abyss: An Extraordinary True Story by Shaben, Carol (2014) Paperback",Carol Shaben,4.3,Paperback,$11.89
"If You Tell: A True Story of Murder, Family Secrets, and the Unbreakable Bond of Sisterhood",Gregg Olsen,4.3,Kindle Edition,$0.00
Storm Clouds Rolling In (#1 in the Bregdan Chronicles Historical Fiction Series),Book 1 of 20: The Bregdan Chronicles ,4.4,Kindle Edition,$0.00
"Butcher, Biter, Spy: A True Story of Madness, Mutilation and Unspeakable Acts of Brutality (True Crime)",Part of: True Crime (26 books) ,4.5,Paperback,$11.99
Inspirational Basketball Short Stories for Young Reader: How 30 Legendary Player Overcame Challenges and Developing Life Lessons for Youngsters,Paperback,$11.97
"The Taking of Jemima Boone: Colonial Settlers, Tribal Nations, and the Kidnap That Shaped America",Matthew Pearl,4.3,Hardcover,$19.30
The Last Days of John Lennon,James Patterson,4.6,Paperback,$14.22
On Full Automatic: Surviving 13 Months in Vietnam,Audible Audiobook,$0.00
Damn Lucky: One Man's Courage During the Bloodiest Military Campaign in Aviation History,Kevin Maurer,4.7,Hardcover,$24.99
The Daughter of Auschwitz,Tova Friedman,4.7,Paperback,$13.99
The Pale-Faced Lie: A True Story,David Crow,4.5,Paperback,$13.49
Island of the Lost: An Extraordinary Story of Survival at the Edge of the World,Joan Druett,4.4,Kindle,$12.99
Under Jerusalem: The Buried History of the World's Most Contested City,Andrew Lawler,4.5,Kindle,$5.99
Operation Underworld: How the Mafia and U.S. Government Teamed Up to Win World War II,Matthew Black,4.2,Hardcover,$25.20
A Long Walk to Water: Based on a True Story,Linda Sue Park,4.7,Paperback,$7.64
"Drop Dead Dangerous: The Lethal Attraction of Road Trip Killer, Paul John Knowles (True Crime)",Part of: True Crime (26 books) ,4.1,Kindle,$0.00
"When the Moon Turns to Blood: Lori Vallow, Chad Daybell, and a Story of Murder, Wild Faith, and End Times",Leah Sottile,4.1,Kindle Edition,$15.99
The Cold Start Problem: How to Start and Scale Network Effects,Andrew Chen,4.5,Kindle Edition,$0.00
"Don't Waste This Storm: Hope-Filled Thriving, Not Just Barely Surviving, in the Storms of Life",Kindle Edition,$5.99
"One Man's Wilderness, 50th Anniversary Edition: An Alaskan Odyssey",Sam Keith,4.8,Paperback,$17.99
Anxious for Nothing: Finding Calm in a Chaotic World,Max Lucado,4.8,Audio CD,$24.99
The Ledger: A Bounty Hunter’s Journal,Paperback,$14.21
The End of the World Is Just the Beginning: Mapping the Collapse of Globalization,Audible Audiobook,$0.00
My Travels with Mrs. Kennedy,Hardcover,$17.59
"Journey to Safe Harbor: Memoir of Three Generations Self Love, Forgiveness, Reconnection",Elizabeth Jacks Scott,4.5,Kindle Edition,$2.99
"Physicians' Untold Stories: Miraculous experiences doctors are hesitant to share with their patients, or ANYONE!",Kindle Edition,$9.99
19 Minutes to Live - Helicopter Combat in Vietnam: A Memoir by Lew Jennings,Lew Jennings,4.6,Paperback,$17.96
The Side Hustle: How to Turn Your Spare Time into $1000 a Month or More,Nick Loper,4.3,Kindle,$0.00
Becoming Free Indeed: My Story of Disentangling Faith from Fear,Audible Audiobook,$0.00
People vs. Donald Trump: An Inside Account,Audible Audiobook,$0.00
Eleanor Oliphant Is Completely Fine: A Novel,Audible Audiobook,$0.00
"Rangers, Trappers, and Trailblazers: Early Adventures in Montana's Bob Marshall Wilderness and Glacier National Park",John Fraley,4.6,Paperback,$14.95
"Hell's Half-Acre: The Untold Story of the Benders, a Serial Killer Family on the American Frontier",Susan Jonusas,4.1,Kindle,$12.99
Sports Shorts: 52 Stories of Faith from All-Star Believers,Del Duduit,4.7,Paperback,$12.99
Midnight in Washington: How We Almost Lost Our Democracy and Still Could,Audible Audiobook,$0.00
"Rogues: True Stories of Grifters, Killers, Rebels and Crooks",Audible Audiobook,$0.00
The River of Doubt: Theodore Roosevelt's Darkest Journey,Audible Audiobook,$0.00
Front Row at the Trump Show,Audible Audiobook,$0.00
The Last Folk Hero: The Life and Myth of Bo Jackson,Jeff Pearlman,4.5,Hardcover,$19.72
Wise Gals: The Spies Who Built the CIA and Changed the Future of Espionage,Audible Audiobook,$0.00
The Fight of His Life: Inside Joe Biden's White House,Chris Whipple,4.3,Hardcover,$23.99
Guinness World Records 2023,Guinness World Records,4.8,Hardcover,$15.65
"Stupid Things I Won't Do When I Get Old: A Highly Judgmental, Unapologetically Honest Accounting of All the Things Our Elders Are Doing Wrong",Steven Petrow,4.1,Hardcover,$16.49
This Is Big: How the Founder of Weight Watchers Changed the World -- and Me,Marisa Meltzer,4.3,Kindle,$11.99
smART: Use Your Eyes to Boost Your Brain (Adapted from the New York Times bestseller Visual Intelligence),Amy E. Herman,4.5,Hardcover,$16.19
Nomad Century: How Climate Migration Will Reshape Our World,Gaia Vince,4.2,Hardcover,$18.99
"The Time Management Solution: 21 Proven Tactics To Increase Your Productivity, Reduce Your Stress, And Improve Your Work-Life Balance!",Damon Zahariades,4.7,Paperback,$10.67
The Mysteries of the Universe: Discover the best-kept secrets of space,Part of: DK Children's Anthologies (5 books) ,4.9,Hardcover,$28.35
Double Cross: The True Story of the D-Day Spies,Ben Macintyre,4.5,Paperback,$12.99
Riding with Evil: Taking Down the Notorious Pagan Motorcycle Gang,Audible Audiobook,$0.00
Dog Training Bible: Everything You Need to Know to Raise the Best Dog Ever from Puppy to Adult Using the Power of Positive Reinforcement,Sarah Richey,4.9,Paperback,$18.48
the river: a memoir,Kevin Weadock,4.4,Kindle,$0.00
"Weird But True World 2023: Incredible facts, awesome photos, and weird wonders―for THIS YEAR and beyond!",Part of: Weird But True (27 books) ,4.8,Hardcover,$15.29
"Trust the Grind: How World-Class Athletes Got To The Top (Motivational Book for Teens, Gift for Teen Boys, Teen and Young Adult Football, Fitness and Exercise)",Jeremy Bhandari,4.7,Paperback,$12.79
A Short History of Nearly Everything,Audible Audiobook,$0.00
The Greatness Mindset: Unlock the Power of Your Mind and Live Your Best Life Today,Lewis Howes,5.0,Hardcover,$16.81
The Billion Dollar Spy: A True Story of Cold War Espionage and Betrayal,Audible Audiobook,$0.00
Breaking History: A White House Memoir,Jared Kushner,4.7,Hardcover,$10.50
The Pennsylvania Turnpike Phantom Killer: John Wesley Wable (True Crime),Richard Gazarik,4.5,Paperback,$22.42
MY MAGICAL FEELINGS,Book 6 of 7: The Magic of Me Series ,4.8,Hardcover,$11.77
Breaking History: A White House Memoir,Jared Kushner,4.7,Hardcover,$10.50
The Billion Dollar Spy: A True Story of Cold War Espionage and Betrayal,Audible Audiobook,$0.00
Troublemaker: Surviving Hollywood and Scientology,Audible Audiobook,$0.00
A Short History of Nearly Everything,Audible Audiobook,$0.00
No Ordinary Dog: My Partner from the SEAL Teams to the Bin Laden Raid,Will Chesney,4.9,Hardcover,$18.49
The Personal Librarian,Marie Benedict,4.5,Kindle,$12.99
Unbroken (The Young Adult Adaptation): An Olympian's Journey from Airman to Castaway to Captive,Laura Hillenbrand,4.7,Paperback,$7.59
Chicken Soup for the Soul: Laughter Is the Best Medicine: 101 Feel Good Stories,Part of: Chicken Soup for the Soul (232 books) ,4.7,Paperback
The Hardest Hidden Pictures Book Ever (Highlights Hidden Pictures),Part of: Highlights Hidden Pictures (17 books) ,4.7,Paperback,$6.27
Robin,Audible Audiobook,$0.00
"Weird True Stories That Sound Made Up: A Collection of Insane-But-True Stories About Pop Culture, Science, History, And More To Satisfy Your Curious Brain",Book 1 of 1: Weird True Stories That Sound Made Up ,3.9,Paperback,$14.99
Monkeys on the Road: One family's vanlife adventure from the USA to South America in search of a simpler life,Mary Hollendoner,4.7,Kindle,$0.00
Ferry Pilot: Nine Lives Over the North Atlantic,Kerry McCauley,4.7,Paperback,$14.91
"The Sleepover: The BRAND NEW unputdownable, page-turning psychological thriller from bestseller Keri Beevis",Keri Beevis,4.3,Kindle,$0.00
"The President and the Freedom Fighter: Abraham Lincoln, Frederick Douglass, and Their Battle to Save America's Soul",Brian Kilmeade,4.8,Hardcover,$14.63
"When AI Rules the World: China, the U.S., and the Race to Control a Smart Planet",Hardcover,$24.22
Start with Why: How Great Leaders Inspire Everyone to Take Action,Part of: Start with Why Series (3 books) ,4.6,Audible Audiobook,$0.00
Glorious Revolution: A History from Beginning to End,Hourly History,4.3,Kindle,$0.00
