Company,Job title,Location,No of days posted ago,Pay range
We Are Sharing Hope Sc,Data Analytics Specialist,"North Charleston, SC",30d+,$56K - $70K (Employer est.)
Ridgewood Talent Acquisition,Certified Medical Coder Data Analyst,"Denver, CO",11d,$50K - $55K (Employer est.)
Alternate Solutions Health Network,Human Resources Analyst,"Kettering, OH",3d,$50K - $70K (Glassdoor est.)
Medical Specialists of the Palm Beaches Inc,Data Analyst,"Boynton Beach, FL",30d+,$50K - $75K (Glassdoor est.)
Smithfield Foods,Business Analyst - Sales/Use Tax (Hybrid Opportunity),"Smithfield, VA",30d+,$46K - $67K (Glassdoor est.)
Environmental Consultants (ECI),Resource Coordinator/Data Analyst,"Louisville, KY",8d,$44K - $60K (Glassdoor est.)
"Roaring Fork Operating, LLC",Oil & Gas Production Analyst,"Tyler, TX",12d,$40K - $65K (Employer est.)
Hammond Associates Inc.,Board Certified Behavior Analyst (BCBA),"Portland, ME",10d,$55K - $65K (Employer est.)
Waynesville R-VI School District,Board Certified Behavior Analyst (BCBA),"Waynesville, MO",18d,$58K (Employer est.)
Slim Chickens,Senior Data Analyst - Finance,"Fayetteville, AR",30d+,$64K - $91K (Glassdoor est.)
Health and Behavioral Dimensions,Board Certified Behavior Analyst (BCBA),"Hallandale Beach, FL",30d+,$80K (Employer est.)
Aspire Learning Center,Board Certified Behavior Analyst (BCBA),"Beverly, MA",12d,$50.00 - $70.00 Per Hour(Employer est.)
Beebe Healthcare,Revenue Integrity Analyst - Business Analyst,"Dover, DE",19d,$63K - $84K (Glassdoor est.)
Chelan County Public Utility District,Data Analyst,"Wenatchee, WA",17d,$61K - $128K (Employer est.)
Kum & Go,Energy Analyst,"Des Moines, IA",30d+,$45K - $73K (Glassdoor est.)
"Irby Psychological Services, LLC",Board Certified Behavior Analyst (BCBA),"Cleveland, MS",5d,$67K (Employer est.)
Fiorella Insurance Agency,"Data Analyst, Reporting & Planning","West Palm Beach, FL",10d,$40K - $60K (Employer est.)
STIHL Inc.,Master Data Analyst,"Virginia Beach, VA",25d,$46K - $69K (Glassdoor est.)
Ambitions of Washington - Accendo Office,Board Certified Behavior Analyst (BCBA),"Spokane Valley, Spokane, WA",18d,$75K - $95K (Employer est.)
Knox Community Hospital,Financial Analyst,"Mount Vernon, OH",20d,$23.00 - $34.00 Per Hour(Employer est.)
Jumpstart Developmental Services,Board Certified Behavior Analyst (BCBA),"Hialeah, FL",30d+,$60.00 - $65.00 Per Hour(Employer est.)
The Sonder Autism Center,Board Certified Behavior Analyst (BCBA),"Melbourne, FL",30d+,$65K (Employer est.)
Life Skills Kid Therapy,Board Certified Behavior Analyst - BCBA,"Fort Lauderdale, FL",4d,$65.00 - $75.00 Per Hour(Employer est.)
Oakland Community Health Network,Utilization Management Clinical Analyst - SUD,"Troy, MI",30d+,$56K (Employer est.)
College of the Siskiyous,Business Analyst II,"Weed, CA",30d+,$58K - $71K (Employer est.)
Strategic Behavioral Solutions,Board Certified Behavior Analyst (BCBA/LABA) (Full-Time & Part-Time),"Auburn, MA",24d,$75K - $90K (Employer est.)
"USA Automotive Partners, LLC",IT Analyst,"College Station, TX",30d+,$40K - $82K (Employer est.)
Goodwill Industries NWNC,Sr Human Resources Analyst - HRIS,"Winston-Salem, NC",6d,$65K - $75K (Employer est.)
Linx Autism Services,Board Certified Behavior Analyst,"Lawrence, MA",30d+,$75.00 - $80.00 Per Hour(Employer est.)
Hunt Capital Partners LLC,Senior Tax Analyst,"Encino, CA",30d+,$68K (Employer est.)
Ridgewood Talent Acquisition,Certified Medical Coder Data Analyst,"Denver, CO",11d,$50K - $55K (Employer est.)
Smithfield Foods,Business Analyst - Sales/Use Tax (Hybrid Opportunity),"Smithfield, VA",30d+,$46K - $67K (Glassdoor est.)
Hammond Associates Inc.,Board Certified Behavior Analyst (BCBA),"Portland, ME",10d,$55K - $65K (Employer est.)
Slim Chickens,Senior Data Analyst - Finance,"Fayetteville, AR",30d+,$64K - $91K (Glassdoor est.)
Aspire Learning Center,Board Certified Behavior Analyst (BCBA),"Beverly, MA",12d,$50.00 - $70.00 Per Hour(Employer est.)
Beebe Healthcare,Revenue Integrity Analyst - Business Analyst,"Dover, DE",19d,$63K - $84K (Glassdoor est.)
Knox Community Hospital,Financial Analyst,"Mount Vernon, OH",20d,$23.00 - $34.00 Per Hour(Employer est.)
Jumpstart Developmental Services,Board Certified Behavior Analyst (BCBA),"Hialeah, FL",30d+,$60.00 - $65.00 Per Hour(Employer est.)
The Sonder Autism Center,Board Certified Behavior Analyst (BCBA),"Melbourne, FL",30d+,$65K (Employer est.)
Life Skills Kid Therapy,Board Certified Behavior Analyst - BCBA,"Fort Lauderdale, FL",4d,$65.00 - $75.00 Per Hour(Employer est.)
Oakland Community Health Network,Utilization Management Clinical Analyst - SUD,"Troy, MI",30d+,$56K (Employer est.)
Strategic Behavioral Solutions,Board Certified Behavior Analyst (BCBA/LABA) (Full-Time & Part-Time),"Auburn, MA",24d,$75K - $90K (Employer est.)
Goodwill Industries NWNC,Sr Human Resources Analyst - HRIS,"Winston-Salem, NC",6d,$65K - $75K (Employer est.)
Hunt Capital Partners LLC,Senior Tax Analyst,"Encino, CA",30d+,$68K (Employer est.)
340Basics,Business Analyst Team Lead,"Melville, NY",30d+,$67K - $97K (Glassdoor est.)
"Connecting Communities, LLC",Board Certified Behavior Analyst (BCBA),"Portsmouth, VA",30d+,$50K - $73K (Glassdoor est.)
Engaging Minds Autism Services,Board Certified Behavior Analyst (BCBA),"Kokomo, IN",18d,$20.00 - $45.00 Per Hour(Employer est.)
Hartford HealthCare Corp.,Financial Analyst I / Rev Cycle Prof Svcs Adm,"Newington, CT",26d,$74K - $100K (Glassdoor est.)
"AmeriNational Community Services, LLC",IT Business Analyst,"Las Vegas, NV",23d,$90K (Employer est.)
Lykes Bros. Inc.,Sr. GIS Analyst,"Okeechobee, FL",19d
Morrison Child and Family Services,Quality Improvement Data Analyst,"Portland, OR",30d+,$26.45 - $28.17 Per Hour(Employer est.)
"Backhaul Direct, LLC",Logistics Pricing Analyst,"Indianapolis, IN",30d+,$45K - $63K (Glassdoor est.)
Centre For Neuro Skills,Behavior Analyst,"Bakersfield, CA",30d+,$70K (Employer est.)
Imperial Health Plan of California,EDI Analyst II,"Pasadena, CA",30d+,$66K - $70K (Employer est.)
"Ollie's Bargain Outlet, Inc.",Compensation Analyst,"Harrisburg, PA",30d+,$56K - $78K (Glassdoor est.)
Alaska USA Federal Credit Union,Business Intelligence Analyst I,"Glendale, AZ",30d+,$57K - $91K (Employer est.)
SOS WORKS STAFFING SOLUTIONS,Grants Analyst Database Administrator,"Detroit, MI",6d,$52.00 - $55.00 Per Hour(Employer est.)
Palm Beach Accountable Care Organization,Healthcare Data Analyst,"West Palm Beach, FL",26d,$55K (Employer est.)
Gingerly Therapy,Board Certified Assistant Behavior Analyst,"Las Vegas, NV",30d,$52K - $70K (Employer est.)
Medical Mutual Insurance Company of Maine,Financial Analyst,"Portland, ME",24d,$74K (Employer est.)
The Legal Aid Society,HRIS Operations and Data Analyst,"New York, NY",27d,$93K - $95K (Employer est.)
Bloomberg,ETL Data Analyst - Third Party Indices Automation,"Princeton, NJ",30d+,$74K - $110K (Glassdoor est.)
Bloomberg,Debt Capital Markets Data Analyst,"Princeton, NJ",30d+,$68K - $102K (Glassdoor est.)
Smithfield Foods,Senior Data Analytics Analyst - Remote,"Smithfield, VA",30d+,$77K - $103K (Glassdoor est.)
Hypertherm,Sr IT Business Analyst,"Hanover, NH"
VITAS Healthcare,HRIS Reporting Analyst,"Miami, FL",30d+,$75K - $112K (Employer est.)
REEFPOINT GROUP LLC,Data Analyst,"Vienna, VA",30d+,$60K - $87K (Glassdoor est.)
Panoramic Health,Value Based Care Analyst,"Tempe, AZ",30d+,$40K - $60K (Glassdoor est.)
CXtec,ERP Business Analyst,"Syracuse, NY",30d+,$64K - $88K (Glassdoor est.)
GFS Chemicals Inc,ERP Business Analyst - Hybrid,"Powell, OH",23d,$85K - $100K (Employer est.)
Geo Owl LLC,Full Motion Video / Imagery Analyst,"Fort Bragg, NC"
Smithfield Foods,Senior Business Analyst - Sales/Use Tax (Hybrid Opportunity),"Smithfield, VA",30d+,$54K - $77K (Glassdoor est.)
"Connec-to-Talk, LLC",Board Certified Behavior Analyst (BCBA),"Marriottsville, MD",2d,$61K - $95K (Glassdoor est.)
EHR Services,IT Business Analyst,"Portsmouth, NH",30d+,$63K - $88K (Glassdoor est.)
Connections Behavior Planning and Intervention,Board Certified Behavior Analyst,"Kirkland, WA",30d+,$76K - $90K (Employer est.)
Ridgewood Talent Acquisition,Certified Medical Coder Data Analyst,"Denver, CO",11d,$50K - $55K (Employer est.)
Milwaukee Public Schools,DATA SUPPORT ANALYST III,"Milwaukee, WI",30d+,$70K - $101K (Employer est.)
JLG Industries Inc,DT Business Analyst - Salesforce,"Hagerstown, MD",30d+,$59K - $80K (Glassdoor est.)
Retail Business Services,Data Management Analyst V Hybrid,"Salisbury, NC",30d+,$87K - $120K (Employer est.)
Smithfield Foods,Business Analyst - Sales/Use Tax (Hybrid Opportunity),"Smithfield, VA",30d+,$46K - $67K (Glassdoor est.)
The Walman Optical Company,Data Analyst - Sales,"Minneapolis, MN",28d,$47K - $72K (Glassdoor est.)
Puget Sound Energy,Senior Compensation Analyst,"Bellevue, WA",27d,$85K - $142K (Employer est.)
UCPath Center,WORKFORCE ADMINISTRATION BUSINESS ANALYST (HYBRID) MULTIPLE OPENINGS,"Riverside, CA",30d+,$69K - $124K (Employer est.)
Pathways Autism Center,Board Certified Behavior Analyst (BCBA),"Atlanta, GA",25d,$75K - $95K (Employer est.)
KBR,Senior Data Science Analyst - TS/SCI Hiring Event,"Chantilly, VA",10d,$73K - $109K (Glassdoor est.)
Lima One Capital,"Servicing Operations, Data Reporting Analyst II","Greenville, SC",30d+,$57K - $79K (Glassdoor est.)
ManTech International Corporation,Program Analyst - Advanced Analytics,"Alexandria, VA",3d,$81K - $110K (Glassdoor est.)
Resource Data,Senior Business Analyst,"Boise, ID",30d+,$69K - $111K (Employer est.)
Louis Dreyfus Company,IT - Sr. Business Analyst Data & Analytics,"Memphis, TN",30d+,$71K - $100K (Glassdoor est.)
Yoder Family of Companies,Financial Analyst,"Greeley, CO",16d,$75K - $110K (Employer est.)
Ridgewood Talent Acquisition,Certified Medical Coder Data Analyst,"Denver, CO",11d,$50K - $55K (Employer est.)
Smithfield Foods,Business Analyst - Sales/Use Tax (Hybrid Opportunity),"Smithfield, VA",30d+,$46K - $67K (Glassdoor est.)
Beebe Healthcare,Revenue Integrity Analyst - Business Analyst,"Dover, DE",19d,$63K - $84K (Glassdoor est.)
Oakland Community Health Network,Utilization Management Clinical Analyst - SUD,"Troy, MI",30d+,$56K (Employer est.)
Goodwill Industries NWNC,Sr Human Resources Analyst - HRIS,"Winston-Salem, NC",6d,$65K - $75K (Employer est.)
Engaging Minds Autism Services,Board Certified Behavior Analyst (BCBA),"Kokomo, IN",18d,$20.00 - $45.00 Per Hour(Employer est.)
Lykes Bros. Inc.,Sr. GIS Analyst,"Okeechobee, FL",19d
SOS WORKS STAFFING SOLUTIONS,Grants Analyst Database Administrator,"Detroit, MI",6d,$52.00 - $55.00 Per Hour(Employer est.)
Palm Beach Accountable Care Organization,Healthcare Data Analyst,"West Palm Beach, FL",26d,$55K (Employer est.)
Medical Mutual Insurance Company of Maine,Financial Analyst,"Portland, ME",24d,$74K (Employer est.)
"ENGAGE EMPLOYER, INC",Payroll Tax Analyst,"Saint Petersburg, FL",10d,$26.44 - $31.25 Per Hour(Employer est.)
TTi Global,Retirement & Savings Analyst,"Auburn Hills, MI",4d,$49K - $65K (Glassdoor est.)
Americor,Business Intelligence Analyst,"Irvine, CA",30d+,$80K - $120K (Employer est.)
DISH,Data Analyst II,"Englewood, CO",30d+,$57K - $82K (Employer est.)
Bright Behavior Center,Board Certified Behavior Analyst (BCBA),"Georgetown, TX",20d,$50.00 - $60.00 Per Hour(Employer est.)
Dorman Products,"Data Analyst, Warehouse Operations","Shiremanstown, PA",30d+,$45K (Employer est.)
Lewisburg Printing,Business Intelligence and Marketing Analyst,"Lewisburg, TN",4d,$80K - $87K (Employer est.)
Navarro Inc.,QA Data Analyst,"Carlsbad, NM",23d,$46K - $72K (Glassdoor est.)
"CSI Leasing, Inc.",Credit Analyst,"Saint Louis, MO",30d+,$47K - $68K (Glassdoor est.)
JRogers Consulting LLC,Business Analyst/Data Analyst *TS/SCI Required*,"Washington, DC",30d+,$79K - $85K (Employer est.)
Metropolitan Transportation Authority,"Cybersecurity Analyst Levels 1-7, Data Scientist",Manhattan
Artemis Consulting,Mid-Level Financial Management Analyst/Consultant,"San Diego, CA",30d+,$70K - $90K (Employer est.)
Catalent,ERP Data Conversion Analyst,"Somerset, NJ",30d+,$67K - $90K (Glassdoor est.)
TTi Global,Logistics Analyst II,"Moline, IL",11d,$48K - $67K (Glassdoor est.)
Allegheny Health Network,Data Analyst Senior,Pennsylvania,30d+,$23.78 Per Hour(Employer est.)
"INTEGRATED FEDERAL SOLUTIONS, INC.",Data Analyst,"Washington, DC",30d+,$56K - $84K (Glassdoor est.)
PCR Staffing Inc.,Senior Business Analyst / Digital Transformation,"Greensboro, NC",2d,$65.00 - $75.00 Per Hour(Employer est.)
Amalgamated Sugar,Business Analyst,"Boise, ID",9d,$69K - $73K (Employer est.)
Capital Health,Physician Practice Systems Data Analyst - Finance,"Lawrenceville, NJ",30d+,$62K - $88K (Glassdoor est.)
BHI Energy,Renewables Commercial Business Analyst,"Piedmont, SC",30d+,$61K - $91K (Glassdoor est.)
Ridgewood Talent Acquisition,Certified Medical Coder Data Analyst,"Denver, CO",11d,$50K - $55K (Employer est.)
Smithfield Foods,Business Analyst - Sales/Use Tax (Hybrid Opportunity),"Smithfield, VA",30d+,$46K - $67K (Glassdoor est.)
Beebe Healthcare,Revenue Integrity Analyst - Business Analyst,"Dover, DE",19d,$63K - $84K (Glassdoor est.)
Goodwill Industries NWNC,Sr Human Resources Analyst - HRIS,"Winston-Salem, NC",6d,$65K - $75K (Employer est.)
Engaging Minds Autism Services,Board Certified Behavior Analyst (BCBA),"Kokomo, IN",18d,$20.00 - $45.00 Per Hour(Employer est.)
Palm Beach Accountable Care Organization,Healthcare Data Analyst,"West Palm Beach, FL",26d,$55K (Employer est.)
TTi Global,Retirement & Savings Analyst,"Auburn Hills, MI",4d,$49K - $65K (Glassdoor est.)
Americor,Business Intelligence Analyst,"Irvine, CA",30d+,$80K - $120K (Employer est.)
DISH,Data Analyst II,"Englewood, CO",30d+,$57K - $82K (Employer est.)
Dorman Products,"Data Analyst, Warehouse Operations","Shiremanstown, PA",30d+,$45K (Employer est.)
Lewisburg Printing,Business Intelligence and Marketing Analyst,"Lewisburg, TN",4d,$80K - $87K (Employer est.)
Navarro Inc.,QA Data Analyst,"Carlsbad, NM",23d,$46K - $72K (Glassdoor est.)
"CSI Leasing, Inc.",Credit Analyst,"Saint Louis, MO",30d+,$47K - $68K (Glassdoor est.)
JRogers Consulting LLC,Business Analyst/Data Analyst *TS/SCI Required*,"Washington, DC",30d+,$79K - $85K (Employer est.)
Metropolitan Transportation Authority,"Cybersecurity Analyst Levels 1-7, Data Scientist",Manhattan
Artemis Consulting,Mid-Level Financial Management Analyst/Consultant,"San Diego, CA",30d+,$70K - $90K (Employer est.)
Catalent,ERP Data Conversion Analyst,"Somerset, NJ",30d+,$67K - $90K (Glassdoor est.)
TTi Global,Logistics Analyst II,"Moline, IL",11d,$48K - $67K (Glassdoor est.)
"INTEGRATED FEDERAL SOLUTIONS, INC.",Data Analyst,"Washington, DC",30d+,$56K - $84K (Glassdoor est.)
PCR Staffing Inc.,Senior Business Analyst / Digital Transformation,"Greensboro, NC",2d,$65.00 - $75.00 Per Hour(Employer est.)
Capital Health,Physician Practice Systems Data Analyst - Finance,"Lawrenceville, NJ",30d+,$62K - $88K (Glassdoor est.)
"Manhattan Beachwear, LLC",EDI Analyst,"Buena Park, CA",13d,$65K - $75K (Employer est.)
SOS WORKS STAFFING SOLUTIONS,Benefits Administrator Data Analyst,"Detroit, MI",30d+,$44.00 - $46.00 Per Hour(Employer est.)
Kids of New York Applied Behavior Analysis (Bridge Kids),Board Certified Behavior Analyst (BCBA),"Brooklyn, NY",11d,$70K - $90K (Employer est.)
"Focused Behavior Solutions, LLC",Licensed Behavior Analysts/Licensed Assistant Behavior Analyst (BCBA/BCaBA),"Walla Walla, WA",30d+,$60K - $80K (Employer est.)
Deloitte,Part-Time Data Entry Analyst - Solvas Financial Technology,"Austin, TX",30d+,$20.00 Per Hour(Employer est.)
MetaPhy Health,Information Strategy Analyst,"Brentwood, TN",5d,$55K - $65K (Employer est.)
Seattle Indian Health Board,DATA ANALYST,"Seattle, WA",30d+,$65K - $75K (Employer est.)
"Ampersand Solutions Group, Inc.",Radar Software Engineer/Analyst (Active DoD Clearance Required),"Huntsville, AL",28d,$75K - $85K (Employer est.)
RAC Brands,Data Analyst II (Hybrid Role),"Draper, UT",24d,$45K - $66K (Glassdoor est.)
The Legal Aid Society,HRIS Operations and Data Analyst,"New York, NY",27d,$93K - $95K (Employer est.)
Bloomberg,ETL Data Analyst - Third Party Indices Automation,"Princeton, NJ",30d+,$74K - $110K (Glassdoor est.)
Bloomberg,Debt Capital Markets Data Analyst,"Princeton, NJ",30d+,$68K - $102K (Glassdoor est.)
Smithfield Foods,Senior Data Analytics Analyst - Remote,"Smithfield, VA",30d+,$77K - $103K (Glassdoor est.)
Hypertherm,Sr IT Business Analyst,"Hanover, NH"
VITAS Healthcare,HRIS Reporting Analyst,"Miami, FL",30d+,$75K - $112K (Employer est.)
REEFPOINT GROUP LLC,Data Analyst,"Vienna, VA",30d+,$60K - $87K (Glassdoor est.)
Panoramic Health,Value Based Care Analyst,"Tempe, AZ",30d+,$40K - $60K (Glassdoor est.)
CXtec,ERP Business Analyst,"Syracuse, NY",30d+,$64K - $88K (Glassdoor est.)
GFS Chemicals Inc,ERP Business Analyst - Hybrid,"Powell, OH",23d,$85K - $100K (Employer est.)
Geo Owl LLC,Full Motion Video / Imagery Analyst,"Fort Bragg, NC"
Smithfield Foods,Senior Business Analyst - Sales/Use Tax (Hybrid Opportunity),"Smithfield, VA",30d+,$54K - $77K (Glassdoor est.)
"Connec-to-Talk, LLC",Board Certified Behavior Analyst (BCBA),"Marriottsville, MD",2d,$61K - $95K (Glassdoor est.)
EHR Services,IT Business Analyst,"Portsmouth, NH",30d+,$63K - $88K (Glassdoor est.)
Connections Behavior Planning and Intervention,Board Certified Behavior Analyst,"Kirkland, WA",30d+,$76K - $90K (Employer est.)
Ridgewood Talent Acquisition,Certified Medical Coder Data Analyst,"Denver, CO",11d,$50K - $55K (Employer est.)
Milwaukee Public Schools,DATA SUPPORT ANALYST III,"Milwaukee, WI",30d+,$70K - $101K (Employer est.)
JLG Industries Inc,DT Business Analyst - Salesforce,"Hagerstown, MD",30d+,$59K - $80K (Glassdoor est.)
Retail Business Services,Data Management Analyst V Hybrid,"Salisbury, NC",30d+,$87K - $120K (Employer est.)
The Walman Optical Company,Data Analyst - Sales,"Minneapolis, MN",28d,$47K - $72K (Glassdoor est.)
Puget Sound Energy,Senior Compensation Analyst,"Bellevue, WA",27d,$85K - $142K (Employer est.)
UCPath Center,WORKFORCE ADMINISTRATION BUSINESS ANALYST (HYBRID) MULTIPLE OPENINGS,"Riverside, CA",30d+,$69K - $124K (Employer est.)
Pathways Autism Center,Board Certified Behavior Analyst (BCBA),"Atlanta, GA",25d,$75K - $95K (Employer est.)
KBR,Senior Data Science Analyst - TS/SCI Hiring Event,"Chantilly, VA",10d,$73K - $109K (Glassdoor est.)
ManTech International Corporation,Program Analyst - Advanced Analytics,"Alexandria, VA",3d,$81K - $110K (Glassdoor est.)
Resource Data,Senior Business Analyst,"Boise, ID",30d+,$69K - $111K (Employer est.)
Louis Dreyfus Company,IT - Sr. Business Analyst Data & Analytics,"Memphis, TN",30d+,$71K - $100K (Glassdoor est.)
Yoder Family of Companies,Financial Analyst,"Greeley, CO",16d,$75K - $110K (Employer est.)
Fanatics,"Senior Business Analyst, Transportation Analytics","Jacksonville, FL",30d+,$68K - $98K (Glassdoor est.)
"Center for Autism and Related Disorders, Inc.",Board Certified Behavior Analyst (BCBA),"Tacoma, WA",19d,$76K - $86K (Employer est.)
The Legal Aid Society,HRIS Operations and Data Analyst,"New York, NY",27d,$93K - $95K (Employer est.)
Bloomberg,ETL Data Analyst - Third Party Indices Automation,"Princeton, NJ",30d+,$74K - $110K (Glassdoor est.)
Bloomberg,Debt Capital Markets Data Analyst,"Princeton, NJ",30d+,$68K - $102K (Glassdoor est.)
Smithfield Foods,Senior Data Analytics Analyst - Remote,"Smithfield, VA",30d+,$77K - $103K (Glassdoor est.)
Hypertherm,Sr IT Business Analyst,"Hanover, NH"
VITAS Healthcare,HRIS Reporting Analyst,"Miami, FL",30d+,$75K - $112K (Employer est.)
REEFPOINT GROUP LLC,Data Analyst,"Vienna, VA",30d+,$60K - $87K (Glassdoor est.)
Panoramic Health,Value Based Care Analyst,"Tempe, AZ",30d+,$40K - $60K (Glassdoor est.)
GFS Chemicals Inc,ERP Business Analyst - Hybrid,"Powell, OH",23d,$85K - $100K (Employer est.)
We Are Sharing Hope Sc,Data Analytics Specialist,"North Charleston, SC",30d+,$56K - $70K (Employer est.)
Geo Owl LLC,Full Motion Video / Imagery Analyst,"Fort Bragg, NC"
Smithfield Foods,Senior Business Analyst - Sales/Use Tax (Hybrid Opportunity),"Smithfield, VA",30d+,$54K - $77K (Glassdoor est.)
"Connec-to-Talk, LLC",Board Certified Behavior Analyst (BCBA),"Marriottsville, MD",2d,$61K - $95K (Glassdoor est.)
EHR Services,IT Business Analyst,"Portsmouth, NH",30d+,$63K - $88K (Glassdoor est.)
Connections Behavior Planning and Intervention,Board Certified Behavior Analyst,"Kirkland, WA",30d+,$76K - $90K (Employer est.)
Ridgewood Talent Acquisition,Certified Medical Coder Data Analyst,"Denver, CO",11d,$50K - $55K (Employer est.)
Alternate Solutions Health Network,Human Resources Analyst,"Kettering, OH",3d,$50K - $70K (Glassdoor est.)
Milwaukee Public Schools,DATA SUPPORT ANALYST III,"Milwaukee, WI",30d+,$70K - $101K (Employer est.)
JLG Industries Inc,DT Business Analyst - Salesforce,"Hagerstown, MD",30d+,$59K - $80K (Glassdoor est.)
Retail Business Services,Data Management Analyst V Hybrid,"Salisbury, NC",30d+,$87K - $120K (Employer est.)
Medical Specialists of the Palm Beaches Inc,Data Analyst,"Boynton Beach, FL",30d+,$50K - $75K (Glassdoor est.)
Smithfield Foods,Business Analyst - Sales/Use Tax (Hybrid Opportunity),"Smithfield, VA",30d+,$46K - $67K (Glassdoor est.)
Environmental Consultants (ECI),Resource Coordinator/Data Analyst,"Louisville, KY",8d,$44K - $60K (Glassdoor est.)
The Walman Optical Company,Data Analyst - Sales,"Minneapolis, MN",28d,$47K - $72K (Glassdoor est.)
Puget Sound Energy,Senior Compensation Analyst,"Bellevue, WA",27d,$85K - $142K (Employer est.)
"Roaring Fork Operating, LLC",Oil & Gas Production Analyst,"Tyler, TX",12d,$40K - $65K (Employer est.)
UCPath Center,WORKFORCE ADMINISTRATION BUSINESS ANALYST (HYBRID) MULTIPLE OPENINGS,"Riverside, CA",30d+,$69K - $124K (Employer est.)
Pathways Autism Center,Board Certified Behavior Analyst (BCBA),"Atlanta, GA",25d,$75K - $95K (Employer est.)
KBR,Senior Data Science Analyst - TS/SCI Hiring Event,"Chantilly, VA",10d,$73K - $109K (Glassdoor est.)
Lima One Capital,"Servicing Operations, Data Reporting Analyst II","Greenville, SC",30d+,$57K - $79K (Glassdoor est.)
We Are Sharing Hope Sc,Data Analytics Specialist,"North Charleston, SC",30d+,$56K - $70K (Employer est.)
Ridgewood Talent Acquisition,Certified Medical Coder Data Analyst,"Denver, CO",11d,$50K - $55K (Employer est.)
Alternate Solutions Health Network,Human Resources Analyst,"Kettering, OH",3d,$50K - $70K (Glassdoor est.)
Medical Specialists of the Palm Beaches Inc,Data Analyst,"Boynton Beach, FL",30d+,$50K - $75K (Glassdoor est.)
Smithfield Foods,Business Analyst - Sales/Use Tax (Hybrid Opportunity),"Smithfield, VA",30d+,$46K - $67K (Glassdoor est.)
"Roaring Fork Operating, LLC",Oil & Gas Production Analyst,"Tyler, TX",12d,$40K - $65K (Employer est.)
Hammond Associates Inc.,Board Certified Behavior Analyst (BCBA),"Portland, ME",10d,$55K - $65K (Employer est.)
Waynesville R-VI School District,Board Certified Behavior Analyst (BCBA),"Waynesville, MO",18d,$58K (Employer est.)
Slim Chickens,Senior Data Analyst - Finance,"Fayetteville, AR",30d+,$64K - $91K (Glassdoor est.)
Health and Behavioral Dimensions,Board Certified Behavior Analyst (BCBA),"Hallandale Beach, FL",30d+,$80K (Employer est.)
Aspire Learning Center,Board Certified Behavior Analyst (BCBA),"Beverly, MA",12d,$50.00 - $70.00 Per Hour(Employer est.)
Beebe Healthcare,Revenue Integrity Analyst - Business Analyst,"Dover, DE",19d,$63K - $84K (Glassdoor est.)
Chelan County Public Utility District,Data Analyst,"Wenatchee, WA",17d,$61K - $128K (Employer est.)
Kum & Go,Energy Analyst,"Des Moines, IA",30d+,$45K - $73K (Glassdoor est.)
"Irby Psychological Services, LLC",Board Certified Behavior Analyst (BCBA),"Cleveland, MS",5d,$67K (Employer est.)
Fiorella Insurance Agency,"Data Analyst, Reporting & Planning","West Palm Beach, FL",10d,$40K - $60K (Employer est.)
STIHL Inc.,Master Data Analyst,"Virginia Beach, VA",25d,$46K - $69K (Glassdoor est.)
Ambitions of Washington - Accendo Office,Board Certified Behavior Analyst (BCBA),"Spokane Valley, Spokane, WA",18d,$75K - $95K (Employer est.)
Knox Community Hospital,Financial Analyst,"Mount Vernon, OH",20d,$23.00 - $34.00 Per Hour(Employer est.)
Jumpstart Developmental Services,Board Certified Behavior Analyst (BCBA),"Hialeah, FL",30d+,$60.00 - $65.00 Per Hour(Employer est.)
The Sonder Autism Center,Board Certified Behavior Analyst (BCBA),"Melbourne, FL",30d+,$65K (Employer est.)
Life Skills Kid Therapy,Board Certified Behavior Analyst - BCBA,"Fort Lauderdale, FL",4d,$65.00 - $75.00 Per Hour(Employer est.)
Oakland Community Health Network,Utilization Management Clinical Analyst - SUD,"Troy, MI",30d+,$56K (Employer est.)
College of the Siskiyous,Business Analyst II,"Weed, CA",30d+,$58K - $71K (Employer est.)
Strategic Behavioral Solutions,Board Certified Behavior Analyst (BCBA/LABA) (Full-Time & Part-Time),"Auburn, MA",24d,$75K - $90K (Employer est.)
"USA Automotive Partners, LLC",IT Analyst,"College Station, TX",30d+,$40K - $82K (Employer est.)
Goodwill Industries NWNC,Sr Human Resources Analyst - HRIS,"Winston-Salem, NC",6d,$65K - $75K (Employer est.)
Linx Autism Services,Board Certified Behavior Analyst,"Lawrence, MA",30d+,$75.00 - $80.00 Per Hour(Employer est.)
Hunt Capital Partners LLC,Senior Tax Analyst,"Encino, CA",30d+,$68K (Employer est.)
340Basics,Business Analyst Team Lead,"Melville, NY",30d+,$67K - $97K (Glassdoor est.)
Shure,Tax Analyst II,"Niles, IL",30d+,$58K - $75K (Glassdoor est.)
We Are Sharing Hope Sc,Data Analytics Specialist,"North Charleston, SC",30d+,$56K - $70K (Employer est.)
Ridgewood Talent Acquisition,Certified Medical Coder Data Analyst,"Denver, CO",11d,$50K - $55K (Employer est.)
Alternate Solutions Health Network,Human Resources Analyst,"Kettering, OH",3d,$50K - $70K (Glassdoor est.)
Medical Specialists of the Palm Beaches Inc,Data Analyst,"Boynton Beach, FL",30d+,$50K - $75K (Glassdoor est.)
Smithfield Foods,Business Analyst - Sales/Use Tax (Hybrid Opportunity),"Smithfield, VA",30d+,$46K - $67K (Glassdoor est.)
"Roaring Fork Operating, LLC",Oil & Gas Production Analyst,"Tyler, TX",12d,$40K - $65K (Employer est.)
Hammond Associates Inc.,Board Certified Behavior Analyst (BCBA),"Portland, ME",10d,$55K - $65K (Employer est.)
Waynesville R-VI School District,Board Certified Behavior Analyst (BCBA),"Waynesville, MO",18d,$58K (Employer est.)
Slim Chickens,Senior Data Analyst - Finance,"Fayetteville, AR",30d+,$64K - $91K (Glassdoor est.)
Health and Behavioral Dimensions,Board Certified Behavior Analyst (BCBA),"Hallandale Beach, FL",30d+,$80K (Employer est.)
Aspire Learning Center,Board Certified Behavior Analyst (BCBA),"Beverly, MA",12d,$50.00 - $70.00 Per Hour(Employer est.)
Beebe Healthcare,Revenue Integrity Analyst - Business Analyst,"Dover, DE",19d,$63K - $84K (Glassdoor est.)
Chelan County Public Utility District,Data Analyst,"Wenatchee, WA",17d,$61K - $128K (Employer est.)
Kum & Go,Energy Analyst,"Des Moines, IA",30d+,$45K - $73K (Glassdoor est.)
"Irby Psychological Services, LLC",Board Certified Behavior Analyst (BCBA),"Cleveland, MS",5d,$67K (Employer est.)
Fiorella Insurance Agency,"Data Analyst, Reporting & Planning","West Palm Beach, FL",10d,$40K - $60K (Employer est.)
STIHL Inc.,Master Data Analyst,"Virginia Beach, VA",25d,$46K - $69K (Glassdoor est.)
Ambitions of Washington - Accendo Office,Board Certified Behavior Analyst (BCBA),"Spokane Valley, Spokane, WA",18d,$75K - $95K (Employer est.)
Knox Community Hospital,Financial Analyst,"Mount Vernon, OH",20d,$23.00 - $34.00 Per Hour(Employer est.)
Jumpstart Developmental Services,Board Certified Behavior Analyst (BCBA),"Hialeah, FL",30d+,$60.00 - $65.00 Per Hour(Employer est.)
The Sonder Autism Center,Board Certified Behavior Analyst (BCBA),"Melbourne, FL",30d+,$65K (Employer est.)
Life Skills Kid Therapy,Board Certified Behavior Analyst - BCBA,"Fort Lauderdale, FL",4d,$65.00 - $75.00 Per Hour(Employer est.)
Oakland Community Health Network,Utilization Management Clinical Analyst - SUD,"Troy, MI",30d+,$56K (Employer est.)
College of the Siskiyous,Business Analyst II,"Weed, CA",30d+,$58K - $71K (Employer est.)
Strategic Behavioral Solutions,Board Certified Behavior Analyst (BCBA/LABA) (Full-Time & Part-Time),"Auburn, MA",24d,$75K - $90K (Employer est.)
"USA Automotive Partners, LLC",IT Analyst,"College Station, TX",30d+,$40K - $82K (Employer est.)
Goodwill Industries NWNC,Sr Human Resources Analyst - HRIS,"Winston-Salem, NC",6d,$65K - $75K (Employer est.)
Linx Autism Services,Board Certified Behavior Analyst,"Lawrence, MA",30d+,$75.00 - $80.00 Per Hour(Employer est.)
Hunt Capital Partners LLC,Senior Tax Analyst,"Encino, CA",30d+,$68K (Employer est.)
We Are Sharing Hope Sc,Data Analytics Specialist,"North Charleston, SC",30d+,$56K - $70K (Employer est.)
Ridgewood Talent Acquisition,Certified Medical Coder Data Analyst,"Denver, CO",11d,$50K - $55K (Employer est.)
Alternate Solutions Health Network,Human Resources Analyst,"Kettering, OH",3d,$50K - $70K (Glassdoor est.)
Medical Specialists of the Palm Beaches Inc,Data Analyst,"Boynton Beach, FL",30d+,$50K - $75K (Glassdoor est.)
Smithfield Foods,Business Analyst - Sales/Use Tax (Hybrid Opportunity),"Smithfield, VA",30d+,$46K - $67K (Glassdoor est.)
"Roaring Fork Operating, LLC",Oil & Gas Production Analyst,"Tyler, TX",12d,$40K - $65K (Employer est.)
Hammond Associates Inc.,Board Certified Behavior Analyst (BCBA),"Portland, ME",10d,$55K - $65K (Employer est.)
Waynesville R-VI School District,Board Certified Behavior Analyst (BCBA),"Waynesville, MO",18d,$58K (Employer est.)
Slim Chickens,Senior Data Analyst - Finance,"Fayetteville, AR",30d+,$64K - $91K (Glassdoor est.)
Health and Behavioral Dimensions,Board Certified Behavior Analyst (BCBA),"Hallandale Beach, FL",30d+,$80K (Employer est.)
Aspire Learning Center,Board Certified Behavior Analyst (BCBA),"Beverly, MA",12d,$50.00 - $70.00 Per Hour(Employer est.)
Beebe Healthcare,Revenue Integrity Analyst - Business Analyst,"Dover, DE",19d,$63K - $84K (Glassdoor est.)
Chelan County Public Utility District,Data Analyst,"Wenatchee, WA",17d,$61K - $128K (Employer est.)
Kum & Go,Energy Analyst,"Des Moines, IA",30d+,$45K - $73K (Glassdoor est.)
"Irby Psychological Services, LLC",Board Certified Behavior Analyst (BCBA),"Cleveland, MS",5d,$67K (Employer est.)
Fiorella Insurance Agency,"Data Analyst, Reporting & Planning","West Palm Beach, FL",10d,$40K - $60K (Employer est.)
STIHL Inc.,Master Data Analyst,"Virginia Beach, VA",25d,$46K - $69K (Glassdoor est.)
Ambitions of Washington - Accendo Office,Board Certified Behavior Analyst (BCBA),"Spokane Valley, Spokane, WA",18d,$75K - $95K (Employer est.)
Knox Community Hospital,Financial Analyst,"Mount Vernon, OH",20d,$23.00 - $34.00 Per Hour(Employer est.)
Jumpstart Developmental Services,Board Certified Behavior Analyst (BCBA),"Hialeah, FL",30d+,$60.00 - $65.00 Per Hour(Employer est.)
The Sonder Autism Center,Board Certified Behavior Analyst (BCBA),"Melbourne, FL",30d+,$65K (Employer est.)
Life Skills Kid Therapy,Board Certified Behavior Analyst - BCBA,"Fort Lauderdale, FL",4d,$65.00 - $75.00 Per Hour(Employer est.)
Oakland Community Health Network,Utilization Management Clinical Analyst - SUD,"Troy, MI",30d+,$56K (Employer est.)
College of the Siskiyous,Business Analyst II,"Weed, CA",30d+,$58K - $71K (Employer est.)
Strategic Behavioral Solutions,Board Certified Behavior Analyst (BCBA/LABA) (Full-Time & Part-Time),"Auburn, MA",24d,$75K - $90K (Employer est.)
"USA Automotive Partners, LLC",IT Analyst,"College Station, TX",30d+,$40K - $82K (Employer est.)
Goodwill Industries NWNC,Sr Human Resources Analyst - HRIS,"Winston-Salem, NC",6d,$65K - $75K (Employer est.)
Linx Autism Services,Board Certified Behavior Analyst,"Lawrence, MA",30d+,$75.00 - $80.00 Per Hour(Employer est.)
Hunt Capital Partners LLC,Senior Tax Analyst,"Encino, CA",30d+,$68K (Employer est.)
340Basics,Business Analyst Team Lead,"Melville, NY",30d+,$67K - $97K (Glassdoor est.)
We Are Sharing Hope Sc,Data Analytics Specialist,"North Charleston, SC",30d+,$56K - $70K (Employer est.)
Ridgewood Talent Acquisition,Certified Medical Coder Data Analyst,"Denver, CO",11d,$50K - $55K (Employer est.)
Alternate Solutions Health Network,Human Resources Analyst,"Kettering, OH",3d,$50K - $70K (Glassdoor est.)
Medical Specialists of the Palm Beaches Inc,Data Analyst,"Boynton Beach, FL",30d+,$50K - $75K (Glassdoor est.)
Smithfield Foods,Business Analyst - Sales/Use Tax (Hybrid Opportunity),"Smithfield, VA",30d+,$46K - $67K (Glassdoor est.)
"Roaring Fork Operating, LLC",Oil & Gas Production Analyst,"Tyler, TX",12d,$40K - $65K (Employer est.)
Hammond Associates Inc.,Board Certified Behavior Analyst (BCBA),"Portland, ME",10d,$55K - $65K (Employer est.)
Waynesville R-VI School District,Board Certified Behavior Analyst (BCBA),"Waynesville, MO",18d,$58K (Employer est.)
Slim Chickens,Senior Data Analyst - Finance,"Fayetteville, AR",30d+,$64K - $91K (Glassdoor est.)
Health and Behavioral Dimensions,Board Certified Behavior Analyst (BCBA),"Hallandale Beach, FL",30d+,$80K (Employer est.)
Aspire Learning Center,Board Certified Behavior Analyst (BCBA),"Beverly, MA",12d,$50.00 - $70.00 Per Hour(Employer est.)
Beebe Healthcare,Revenue Integrity Analyst - Business Analyst,"Dover, DE",19d,$63K - $84K (Glassdoor est.)
Chelan County Public Utility District,Data Analyst,"Wenatchee, WA",17d,$61K - $128K (Employer est.)
Kum & Go,Energy Analyst,"Des Moines, IA",30d+,$45K - $73K (Glassdoor est.)
"Irby Psychological Services, LLC",Board Certified Behavior Analyst (BCBA),"Cleveland, MS",5d,$67K (Employer est.)
Fiorella Insurance Agency,"Data Analyst, Reporting & Planning","West Palm Beach, FL",10d,$40K - $60K (Employer est.)
STIHL Inc.,Master Data Analyst,"Virginia Beach, VA",25d,$46K - $69K (Glassdoor est.)
Ambitions of Washington - Accendo Office,Board Certified Behavior Analyst (BCBA),"Spokane Valley, Spokane, WA",18d,$75K - $95K (Employer est.)
Knox Community Hospital,Financial Analyst,"Mount Vernon, OH",20d,$23.00 - $34.00 Per Hour(Employer est.)
Jumpstart Developmental Services,Board Certified Behavior Analyst (BCBA),"Hialeah, FL",30d+,$60.00 - $65.00 Per Hour(Employer est.)
The Sonder Autism Center,Board Certified Behavior Analyst (BCBA),"Melbourne, FL",30d+,$65K (Employer est.)
Life Skills Kid Therapy,Board Certified Behavior Analyst - BCBA,"Fort Lauderdale, FL",4d,$65.00 - $75.00 Per Hour(Employer est.)
Oakland Community Health Network,Utilization Management Clinical Analyst - SUD,"Troy, MI",30d+,$56K (Employer est.)
College of the Siskiyous,Business Analyst II,"Weed, CA",30d+,$58K - $71K (Employer est.)
Strategic Behavioral Solutions,Board Certified Behavior Analyst (BCBA/LABA) (Full-Time & Part-Time),"Auburn, MA",24d,$75K - $90K (Employer est.)
"USA Automotive Partners, LLC",IT Analyst,"College Station, TX",30d+,$40K - $82K (Employer est.)
Goodwill Industries NWNC,Sr Human Resources Analyst - HRIS,"Winston-Salem, NC",6d,$65K - $75K (Employer est.)
Linx Autism Services,Board Certified Behavior Analyst,"Lawrence, MA",30d+,$75.00 - $80.00 Per Hour(Employer est.)
Hunt Capital Partners LLC,Senior Tax Analyst,"Encino, CA",30d+,$68K (Employer est.)
340Basics,Business Analyst Team Lead,"Melville, NY",30d+,$67K - $97K (Glassdoor est.)
Shure,Tax Analyst II,"Niles, IL",30d+,$58K - $75K (Glassdoor est.)
We Are Sharing Hope Sc,Data Analytics Specialist,"North Charleston, SC",30d+,$56K - $70K (Employer est.)
Ridgewood Talent Acquisition,Certified Medical Coder Data Analyst,"Denver, CO",11d,$50K - $55K (Employer est.)
Alternate Solutions Health Network,Human Resources Analyst,"Kettering, OH",3d,$50K - $70K (Glassdoor est.)
Medical Specialists of the Palm Beaches Inc,Data Analyst,"Boynton Beach, FL",30d+,$50K - $75K (Glassdoor est.)
Smithfield Foods,Business Analyst - Sales/Use Tax (Hybrid Opportunity),"Smithfield, VA",30d+,$46K - $67K (Glassdoor est.)
Environmental Consultants (ECI),Resource Coordinator/Data Analyst,"Louisville, KY",8d,$44K - $60K (Glassdoor est.)
"Roaring Fork Operating, LLC",Oil & Gas Production Analyst,"Tyler, TX",12d,$40K - $65K (Employer est.)
Hammond Associates Inc.,Board Certified Behavior Analyst (BCBA),"Portland, ME",10d,$55K - $65K (Employer est.)
Waynesville R-VI School District,Board Certified Behavior Analyst (BCBA),"Waynesville, MO",18d,$58K (Employer est.)
Slim Chickens,Senior Data Analyst - Finance,"Fayetteville, AR",30d+,$64K - $91K (Glassdoor est.)
Health and Behavioral Dimensions,Board Certified Behavior Analyst (BCBA),"Hallandale Beach, FL",30d+,$80K (Employer est.)
Aspire Learning Center,Board Certified Behavior Analyst (BCBA),"Beverly, MA",12d,$50.00 - $70.00 Per Hour(Employer est.)
Beebe Healthcare,Revenue Integrity Analyst - Business Analyst,"Dover, DE",19d,$63K - $84K (Glassdoor est.)
Chelan County Public Utility District,Data Analyst,"Wenatchee, WA",17d,$61K - $128K (Employer est.)
Kum & Go,Energy Analyst,"Des Moines, IA",30d+,$45K - $73K (Glassdoor est.)
"Irby Psychological Services, LLC",Board Certified Behavior Analyst (BCBA),"Cleveland, MS",5d,$67K (Employer est.)
Fiorella Insurance Agency,"Data Analyst, Reporting & Planning","West Palm Beach, FL",10d,$40K - $60K (Employer est.)
STIHL Inc.,Master Data Analyst,"Virginia Beach, VA",25d,$46K - $69K (Glassdoor est.)
Ambitions of Washington - Accendo Office,Board Certified Behavior Analyst (BCBA),"Spokane Valley, Spokane, WA",18d,$75K - $95K (Employer est.)
Knox Community Hospital,Financial Analyst,"Mount Vernon, OH",20d,$23.00 - $34.00 Per Hour(Employer est.)
Jumpstart Developmental Services,Board Certified Behavior Analyst (BCBA),"Hialeah, FL",30d+,$60.00 - $65.00 Per Hour(Employer est.)
The Sonder Autism Center,Board Certified Behavior Analyst (BCBA),"Melbourne, FL",30d+,$65K (Employer est.)
Life Skills Kid Therapy,Board Certified Behavior Analyst - BCBA,"Fort Lauderdale, FL",4d,$65.00 - $75.00 Per Hour(Employer est.)
Oakland Community Health Network,Utilization Management Clinical Analyst - SUD,"Troy, MI",30d+,$56K (Employer est.)
College of the Siskiyous,Business Analyst II,"Weed, CA",30d+,$58K - $71K (Employer est.)
Strategic Behavioral Solutions,Board Certified Behavior Analyst (BCBA/LABA) (Full-Time & Part-Time),"Auburn, MA",24d,$75K - $90K (Employer est.)
"USA Automotive Partners, LLC",IT Analyst,"College Station, TX",30d+,$40K - $82K (Employer est.)
Goodwill Industries NWNC,Sr Human Resources Analyst - HRIS,"Winston-Salem, NC",6d,$65K - $75K (Employer est.)
Linx Autism Services,Board Certified Behavior Analyst,"Lawrence, MA",30d+,$75.00 - $80.00 Per Hour(Employer est.)
We Are Sharing Hope Sc,Data Analytics Specialist,"North Charleston, SC",30d+,$56K - $70K (Employer est.)
Ridgewood Talent Acquisition,Certified Medical Coder Data Analyst,"Denver, CO",11d,$50K - $55K (Employer est.)
Alternate Solutions Health Network,Human Resources Analyst,"Kettering, OH",3d,$50K - $70K (Glassdoor est.)
Medical Specialists of the Palm Beaches Inc,Data Analyst,"Boynton Beach, FL",30d+,$50K - $75K (Glassdoor est.)
Smithfield Foods,Business Analyst - Sales/Use Tax (Hybrid Opportunity),"Smithfield, VA",30d+,$46K - $67K (Glassdoor est.)
Environmental Consultants (ECI),Resource Coordinator/Data Analyst,"Louisville, KY",8d,$44K - $60K (Glassdoor est.)
"Roaring Fork Operating, LLC",Oil & Gas Production Analyst,"Tyler, TX",12d,$40K - $65K (Employer est.)
Hammond Associates Inc.,Board Certified Behavior Analyst (BCBA),"Portland, ME",10d,$55K - $65K (Employer est.)
Waynesville R-VI School District,Board Certified Behavior Analyst (BCBA),"Waynesville, MO",18d,$58K (Employer est.)
Slim Chickens,Senior Data Analyst - Finance,"Fayetteville, AR",30d+,$64K - $91K (Glassdoor est.)
Health and Behavioral Dimensions,Board Certified Behavior Analyst (BCBA),"Hallandale Beach, FL",30d+,$80K (Employer est.)
Aspire Learning Center,Board Certified Behavior Analyst (BCBA),"Beverly, MA",12d,$50.00 - $70.00 Per Hour(Employer est.)
Beebe Healthcare,Revenue Integrity Analyst - Business Analyst,"Dover, DE",19d,$63K - $84K (Glassdoor est.)
Chelan County Public Utility District,Data Analyst,"Wenatchee, WA",17d,$61K - $128K (Employer est.)
Kum & Go,Energy Analyst,"Des Moines, IA",30d+,$45K - $73K (Glassdoor est.)
"Irby Psychological Services, LLC",Board Certified Behavior Analyst (BCBA),"Cleveland, MS",5d,$67K (Employer est.)
Fiorella Insurance Agency,"Data Analyst, Reporting & Planning","West Palm Beach, FL",10d,$40K - $60K (Employer est.)
STIHL Inc.,Master Data Analyst,"Virginia Beach, VA",25d,$46K - $69K (Glassdoor est.)
Ambitions of Washington - Accendo Office,Board Certified Behavior Analyst (BCBA),"Spokane Valley, Spokane, WA",18d,$75K - $95K (Employer est.)
Knox Community Hospital,Financial Analyst,"Mount Vernon, OH",20d,$23.00 - $34.00 Per Hour(Employer est.)
Jumpstart Developmental Services,Board Certified Behavior Analyst (BCBA),"Hialeah, FL",30d+,$60.00 - $65.00 Per Hour(Employer est.)
The Sonder Autism Center,Board Certified Behavior Analyst (BCBA),"Melbourne, FL",30d+,$65K (Employer est.)
Life Skills Kid Therapy,Board Certified Behavior Analyst - BCBA,"Fort Lauderdale, FL",4d,$65.00 - $75.00 Per Hour(Employer est.)
Oakland Community Health Network,Utilization Management Clinical Analyst - SUD,"Troy, MI",30d+,$56K (Employer est.)
College of the Siskiyous,Business Analyst II,"Weed, CA",30d+,$58K - $71K (Employer est.)
Strategic Behavioral Solutions,Board Certified Behavior Analyst (BCBA/LABA) (Full-Time & Part-Time),"Auburn, MA",24d,$75K - $90K (Employer est.)
"USA Automotive Partners, LLC",IT Analyst,"College Station, TX",30d+,$40K - $82K (Employer est.)
Goodwill Industries NWNC,Sr Human Resources Analyst - HRIS,"Winston-Salem, NC",6d,$65K - $75K (Employer est.)
Linx Autism Services,Board Certified Behavior Analyst,"Lawrence, MA",30d+,$75.00 - $80.00 Per Hour(Employer est.)
Hunt Capital Partners LLC,Senior Tax Analyst,"Encino, CA",30d+,$68K (Employer est.)
We Are Sharing Hope Sc,Data Analytics Specialist,"North Charleston, SC",30d+,$56K - $70K (Employer est.)
Ridgewood Talent Acquisition,Certified Medical Coder Data Analyst,"Denver, CO",11d,$50K - $55K (Employer est.)
Alternate Solutions Health Network,Human Resources Analyst,"Kettering, OH",3d,$50K - $70K (Glassdoor est.)
Medical Specialists of the Palm Beaches Inc,Data Analyst,"Boynton Beach, FL",30d+,$50K - $75K (Glassdoor est.)
Smithfield Foods,Business Analyst - Sales/Use Tax (Hybrid Opportunity),"Smithfield, VA",30d+,$46K - $67K (Glassdoor est.)
"Roaring Fork Operating, LLC",Oil & Gas Production Analyst,"Tyler, TX",12d,$40K - $65K (Employer est.)
Hammond Associates Inc.,Board Certified Behavior Analyst (BCBA),"Portland, ME",10d,$55K - $65K (Employer est.)
Waynesville R-VI School District,Board Certified Behavior Analyst (BCBA),"Waynesville, MO",18d,$58K (Employer est.)
Slim Chickens,Senior Data Analyst - Finance,"Fayetteville, AR",30d+,$64K - $91K (Glassdoor est.)
Health and Behavioral Dimensions,Board Certified Behavior Analyst (BCBA),"Hallandale Beach, FL",30d+,$80K (Employer est.)
Aspire Learning Center,Board Certified Behavior Analyst (BCBA),"Beverly, MA",12d,$50.00 - $70.00 Per Hour(Employer est.)
Beebe Healthcare,Revenue Integrity Analyst - Business Analyst,"Dover, DE",19d,$63K - $84K (Glassdoor est.)
Chelan County Public Utility District,Data Analyst,"Wenatchee, WA",17d,$61K - $128K (Employer est.)
Kum & Go,Energy Analyst,"Des Moines, IA",30d+,$45K - $73K (Glassdoor est.)
"Irby Psychological Services, LLC",Board Certified Behavior Analyst (BCBA),"Cleveland, MS",5d,$67K (Employer est.)
Fiorella Insurance Agency,"Data Analyst, Reporting & Planning","West Palm Beach, FL",10d,$40K - $60K (Employer est.)
STIHL Inc.,Master Data Analyst,"Virginia Beach, VA",25d,$46K - $69K (Glassdoor est.)
Ambitions of Washington - Accendo Office,Board Certified Behavior Analyst (BCBA),"Spokane Valley, Spokane, WA",18d,$75K - $95K (Employer est.)
Knox Community Hospital,Financial Analyst,"Mount Vernon, OH",20d,$23.00 - $34.00 Per Hour(Employer est.)
Jumpstart Developmental Services,Board Certified Behavior Analyst (BCBA),"Hialeah, FL",30d+,$60.00 - $65.00 Per Hour(Employer est.)
The Sonder Autism Center,Board Certified Behavior Analyst (BCBA),"Melbourne, FL",30d+,$65K (Employer est.)
Life Skills Kid Therapy,Board Certified Behavior Analyst - BCBA,"Fort Lauderdale, FL",4d,$65.00 - $75.00 Per Hour(Employer est.)
Oakland Community Health Network,Utilization Management Clinical Analyst - SUD,"Troy, MI",30d+,$56K (Employer est.)
College of the Siskiyous,Business Analyst II,"Weed, CA",30d+,$58K - $71K (Employer est.)
Strategic Behavioral Solutions,Board Certified Behavior Analyst (BCBA/LABA) (Full-Time & Part-Time),"Auburn, MA",24d,$75K - $90K (Employer est.)
"USA Automotive Partners, LLC",IT Analyst,"College Station, TX",30d+,$40K - $82K (Employer est.)
Goodwill Industries NWNC,Sr Human Resources Analyst - HRIS,"Winston-Salem, NC",6d,$65K - $75K (Employer est.)
Linx Autism Services,Board Certified Behavior Analyst,"Lawrence, MA",30d+,$75.00 - $80.00 Per Hour(Employer est.)
Hunt Capital Partners LLC,Senior Tax Analyst,"Encino, CA",30d+,$68K (Employer est.)
340Basics,Business Analyst Team Lead,"Melville, NY",30d+,$67K - $97K (Glassdoor est.)
We Are Sharing Hope Sc,Data Analytics Specialist,"North Charleston, SC",30d+,$56K - $70K (Employer est.)
Ridgewood Talent Acquisition,Certified Medical Coder Data Analyst,"Denver, CO",11d,$50K - $55K (Employer est.)
Alternate Solutions Health Network,Human Resources Analyst,"Kettering, OH",3d,$50K - $70K (Glassdoor est.)
Medical Specialists of the Palm Beaches Inc,Data Analyst,"Boynton Beach, FL",30d+,$50K - $75K (Glassdoor est.)
Smithfield Foods,Business Analyst - Sales/Use Tax (Hybrid Opportunity),"Smithfield, VA",30d+,$46K - $67K (Glassdoor est.)
"Roaring Fork Operating, LLC",Oil & Gas Production Analyst,"Tyler, TX",12d,$40K - $65K (Employer est.)
Hammond Associates Inc.,Board Certified Behavior Analyst (BCBA),"Portland, ME",10d,$55K - $65K (Employer est.)
Waynesville R-VI School District,Board Certified Behavior Analyst (BCBA),"Waynesville, MO",18d,$58K (Employer est.)
Slim Chickens,Senior Data Analyst - Finance,"Fayetteville, AR",30d+,$64K - $91K (Glassdoor est.)
Health and Behavioral Dimensions,Board Certified Behavior Analyst (BCBA),"Hallandale Beach, FL",30d+,$80K (Employer est.)
Aspire Learning Center,Board Certified Behavior Analyst (BCBA),"Beverly, MA",12d,$50.00 - $70.00 Per Hour(Employer est.)
Beebe Healthcare,Revenue Integrity Analyst - Business Analyst,"Dover, DE",19d,$63K - $84K (Glassdoor est.)
Chelan County Public Utility District,Data Analyst,"Wenatchee, WA",17d,$61K - $128K (Employer est.)
Kum & Go,Energy Analyst,"Des Moines, IA",30d+,$45K - $73K (Glassdoor est.)
"Irby Psychological Services, LLC",Board Certified Behavior Analyst (BCBA),"Cleveland, MS",5d,$67K (Employer est.)
Fiorella Insurance Agency,"Data Analyst, Reporting & Planning","West Palm Beach, FL",10d,$40K - $60K (Employer est.)
STIHL Inc.,Master Data Analyst,"Virginia Beach, VA",25d,$46K - $69K (Glassdoor est.)
Ambitions of Washington - Accendo Office,Board Certified Behavior Analyst (BCBA),"Spokane Valley, Spokane, WA",18d,$75K - $95K (Employer est.)
Knox Community Hospital,Financial Analyst,"Mount Vernon, OH",20d,$23.00 - $34.00 Per Hour(Employer est.)
Jumpstart Developmental Services,Board Certified Behavior Analyst (BCBA),"Hialeah, FL",30d+,$60.00 - $65.00 Per Hour(Employer est.)
The Sonder Autism Center,Board Certified Behavior Analyst (BCBA),"Melbourne, FL",30d+,$65K (Employer est.)
Life Skills Kid Therapy,Board Certified Behavior Analyst - BCBA,"Fort Lauderdale, FL",4d,$65.00 - $75.00 Per Hour(Employer est.)
Oakland Community Health Network,Utilization Management Clinical Analyst - SUD,"Troy, MI",30d+,$56K (Employer est.)
College of the Siskiyous,Business Analyst II,"Weed, CA",30d+,$58K - $71K (Employer est.)
Strategic Behavioral Solutions,Board Certified Behavior Analyst (BCBA/LABA) (Full-Time & Part-Time),"Auburn, MA",24d,$75K - $90K (Employer est.)
"USA Automotive Partners, LLC",IT Analyst,"College Station, TX",30d+,$40K - $82K (Employer est.)
Goodwill Industries NWNC,Sr Human Resources Analyst - HRIS,"Winston-Salem, NC",6d,$65K - $75K (Employer est.)
Linx Autism Services,Board Certified Behavior Analyst,"Lawrence, MA",30d+,$75.00 - $80.00 Per Hour(Employer est.)
Hunt Capital Partners LLC,Senior Tax Analyst,"Encino, CA",30d+,$68K (Employer est.)
340Basics,Business Analyst Team Lead,"Melville, NY",30d+,$67K - $97K (Glassdoor est.)
We Are Sharing Hope Sc,Data Analytics Specialist,"North Charleston, SC",30d+,$56K - $70K (Employer est.)
Ridgewood Talent Acquisition,Certified Medical Coder Data Analyst,"Denver, CO",11d,$50K - $55K (Employer est.)
Alternate Solutions Health Network,Human Resources Analyst,"Kettering, OH",3d,$50K - $70K (Glassdoor est.)
Medical Specialists of the Palm Beaches Inc,Data Analyst,"Boynton Beach, FL",30d+,$50K - $75K (Glassdoor est.)
Smithfield Foods,Business Analyst - Sales/Use Tax (Hybrid Opportunity),"Smithfield, VA",30d+,$46K - $67K (Glassdoor est.)
Environmental Consultants (ECI),Resource Coordinator/Data Analyst,"Louisville, KY",8d,$44K - $60K (Glassdoor est.)
"Roaring Fork Operating, LLC",Oil & Gas Production Analyst,"Tyler, TX",12d,$40K - $65K (Employer est.)
Hammond Associates Inc.,Board Certified Behavior Analyst (BCBA),"Portland, ME",10d,$55K - $65K (Employer est.)
Waynesville R-VI School District,Board Certified Behavior Analyst (BCBA),"Waynesville, MO",18d,$58K (Employer est.)
Slim Chickens,Senior Data Analyst - Finance,"Fayetteville, AR",30d+,$64K - $91K (Glassdoor est.)
Health and Behavioral Dimensions,Board Certified Behavior Analyst (BCBA),"Hallandale Beach, FL",30d+,$80K (Employer est.)
Aspire Learning Center,Board Certified Behavior Analyst (BCBA),"Beverly, MA",12d,$50.00 - $70.00 Per Hour(Employer est.)
Beebe Healthcare,Revenue Integrity Analyst - Business Analyst,"Dover, DE",19d,$63K - $84K (Glassdoor est.)
Chelan County Public Utility District,Data Analyst,"Wenatchee, WA",17d,$61K - $128K (Employer est.)
Kum & Go,Energy Analyst,"Des Moines, IA",30d+,$45K - $73K (Glassdoor est.)
"Irby Psychological Services, LLC",Board Certified Behavior Analyst (BCBA),"Cleveland, MS",5d,$67K (Employer est.)
Fiorella Insurance Agency,"Data Analyst, Reporting & Planning","West Palm Beach, FL",10d,$40K - $60K (Employer est.)
STIHL Inc.,Master Data Analyst,"Virginia Beach, VA",25d,$46K - $69K (Glassdoor est.)
Ambitions of Washington - Accendo Office,Board Certified Behavior Analyst (BCBA),"Spokane Valley, Spokane, WA",18d,$75K - $95K (Employer est.)
Knox Community Hospital,Financial Analyst,"Mount Vernon, OH",20d,$23.00 - $34.00 Per Hour(Employer est.)
Jumpstart Developmental Services,Board Certified Behavior Analyst (BCBA),"Hialeah, FL",30d+,$60.00 - $65.00 Per Hour(Employer est.)
The Sonder Autism Center,Board Certified Behavior Analyst (BCBA),"Melbourne, FL",30d+,$65K (Employer est.)
Life Skills Kid Therapy,Board Certified Behavior Analyst - BCBA,"Fort Lauderdale, FL",4d,$65.00 - $75.00 Per Hour(Employer est.)
Oakland Community Health Network,Utilization Management Clinical Analyst - SUD,"Troy, MI",30d+,$56K (Employer est.)
College of the Siskiyous,Business Analyst II,"Weed, CA",30d+,$58K - $71K (Employer est.)
Strategic Behavioral Solutions,Board Certified Behavior Analyst (BCBA/LABA) (Full-Time & Part-Time),"Auburn, MA",24d,$75K - $90K (Employer est.)
"USA Automotive Partners, LLC",IT Analyst,"College Station, TX",30d+,$40K - $82K (Employer est.)
Goodwill Industries NWNC,Sr Human Resources Analyst - HRIS,"Winston-Salem, NC",6d,$65K - $75K (Employer est.)
Linx Autism Services,Board Certified Behavior Analyst,"Lawrence, MA",30d+,$75.00 - $80.00 Per Hour(Employer est.)
Hunt Capital Partners LLC,Senior Tax Analyst,"Encino, CA",30d+,$68K (Employer est.)
We Are Sharing Hope Sc,Data Analytics Specialist,"North Charleston, SC",30d+,$56K - $70K (Employer est.)
Ridgewood Talent Acquisition,Certified Medical Coder Data Analyst,"Denver, CO",11d,$50K - $55K (Employer est.)
Alternate Solutions Health Network,Human Resources Analyst,"Kettering, OH",3d,$50K - $70K (Glassdoor est.)
Medical Specialists of the Palm Beaches Inc,Data Analyst,"Boynton Beach, FL",30d+,$50K - $75K (Glassdoor est.)
Smithfield Foods,Business Analyst - Sales/Use Tax (Hybrid Opportunity),"Smithfield, VA",30d+,$46K - $67K (Glassdoor est.)
"Roaring Fork Operating, LLC",Oil & Gas Production Analyst,"Tyler, TX",12d,$40K - $65K (Employer est.)
Hammond Associates Inc.,Board Certified Behavior Analyst (BCBA),"Portland, ME",10d,$55K - $65K (Employer est.)
Waynesville R-VI School District,Board Certified Behavior Analyst (BCBA),"Waynesville, MO",18d,$58K (Employer est.)
Slim Chickens,Senior Data Analyst - Finance,"Fayetteville, AR",30d+,$64K - $91K (Glassdoor est.)
Health and Behavioral Dimensions,Board Certified Behavior Analyst (BCBA),"Hallandale Beach, FL",30d+,$80K (Employer est.)
Aspire Learning Center,Board Certified Behavior Analyst (BCBA),"Beverly, MA",12d,$50.00 - $70.00 Per Hour(Employer est.)
Beebe Healthcare,Revenue Integrity Analyst - Business Analyst,"Dover, DE",19d,$63K - $84K (Glassdoor est.)
Chelan County Public Utility District,Data Analyst,"Wenatchee, WA",17d,$61K - $128K (Employer est.)
Kum & Go,Energy Analyst,"Des Moines, IA",30d+,$45K - $73K (Glassdoor est.)
"Irby Psychological Services, LLC",Board Certified Behavior Analyst (BCBA),"Cleveland, MS",5d,$67K (Employer est.)
Fiorella Insurance Agency,"Data Analyst, Reporting & Planning","West Palm Beach, FL",10d,$40K - $60K (Employer est.)
STIHL Inc.,Master Data Analyst,"Virginia Beach, VA",25d,$46K - $69K (Glassdoor est.)
Ambitions of Washington - Accendo Office,Board Certified Behavior Analyst (BCBA),"Spokane Valley, Spokane, WA",18d,$75K - $95K (Employer est.)
Knox Community Hospital,Financial Analyst,"Mount Vernon, OH",20d,$23.00 - $34.00 Per Hour(Employer est.)
Jumpstart Developmental Services,Board Certified Behavior Analyst (BCBA),"Hialeah, FL",30d+,$60.00 - $65.00 Per Hour(Employer est.)
The Sonder Autism Center,Board Certified Behavior Analyst (BCBA),"Melbourne, FL",30d+,$65K (Employer est.)
Life Skills Kid Therapy,Board Certified Behavior Analyst - BCBA,"Fort Lauderdale, FL",4d,$65.00 - $75.00 Per Hour(Employer est.)
Oakland Community Health Network,Utilization Management Clinical Analyst - SUD,"Troy, MI",30d+,$56K (Employer est.)
College of the Siskiyous,Business Analyst II,"Weed, CA",30d+,$58K - $71K (Employer est.)
Strategic Behavioral Solutions,Board Certified Behavior Analyst (BCBA/LABA) (Full-Time & Part-Time),"Auburn, MA",24d,$75K - $90K (Employer est.)
"USA Automotive Partners, LLC",IT Analyst,"College Station, TX",30d+,$40K - $82K (Employer est.)
Goodwill Industries NWNC,Sr Human Resources Analyst - HRIS,"Winston-Salem, NC",6d,$65K - $75K (Employer est.)
Linx Autism Services,Board Certified Behavior Analyst,"Lawrence, MA",30d+,$75.00 - $80.00 Per Hour(Employer est.)
Hunt Capital Partners LLC,Senior Tax Analyst,"Encino, CA",30d+,$68K (Employer est.)
340Basics,Business Analyst Team Lead,"Melville, NY",30d+,$67K - $97K (Glassdoor est.)
The Legal Aid Society,HRIS Operations and Data Analyst,"New York, NY",27d,$93K - $95K (Employer est.)
Bloomberg,ETL Data Analyst - Third Party Indices Automation,"Princeton, NJ",30d+,$74K - $110K (Glassdoor est.)
Bloomberg,Debt Capital Markets Data Analyst,"Princeton, NJ",30d+,$68K - $102K (Glassdoor est.)
Smithfield Foods,Senior Data Analytics Analyst - Remote,"Smithfield, VA",30d+,$77K - $103K (Glassdoor est.)
Hypertherm,Sr IT Business Analyst,"Hanover, NH"
VITAS Healthcare,HRIS Reporting Analyst,"Miami, FL",30d+,$75K - $112K (Employer est.)
REEFPOINT GROUP LLC,Data Analyst,"Vienna, VA",30d+,$60K - $87K (Glassdoor est.)
Shure,Tax Analyst II,"Niles, IL",30d+,$58K - $75K (Glassdoor est.)
Panoramic Health,Value Based Care Analyst,"Tempe, AZ",30d+,$40K - $60K (Glassdoor est.)
CXtec,ERP Business Analyst,"Syracuse, NY",30d+,$64K - $88K (Glassdoor est.)
GFS Chemicals Inc,ERP Business Analyst - Hybrid,"Powell, OH",23d,$85K - $100K (Employer est.)
We Are Sharing Hope Sc,Data Analytics Specialist,"North Charleston, SC",30d+,$56K - $70K (Employer est.)
Geo Owl LLC,Full Motion Video / Imagery Analyst,"Fort Bragg, NC"
Smithfield Foods,Senior Business Analyst - Sales/Use Tax (Hybrid Opportunity),"Smithfield, VA",30d+,$54K - $77K (Glassdoor est.)
"Connec-to-Talk, LLC",Board Certified Behavior Analyst (BCBA),"Marriottsville, MD",2d,$61K - $95K (Glassdoor est.)
EHR Services,IT Business Analyst,"Portsmouth, NH",30d+,$63K - $88K (Glassdoor est.)
Connections Behavior Planning and Intervention,Board Certified Behavior Analyst,"Kirkland, WA",30d+,$76K - $90K (Employer est.)
Ridgewood Talent Acquisition,Certified Medical Coder Data Analyst,"Denver, CO",11d,$50K - $55K (Employer est.)
Alternate Solutions Health Network,Human Resources Analyst,"Kettering, OH",3d,$50K - $70K (Glassdoor est.)
Milwaukee Public Schools,DATA SUPPORT ANALYST III,"Milwaukee, WI",30d+,$70K - $101K (Employer est.)
JLG Industries Inc,DT Business Analyst - Salesforce,"Hagerstown, MD",30d+,$59K - $80K (Glassdoor est.)
Retail Business Services,Data Management Analyst V Hybrid,"Salisbury, NC",30d+,$87K - $120K (Employer est.)
Medical Specialists of the Palm Beaches Inc,Data Analyst,"Boynton Beach, FL",30d+,$50K - $75K (Glassdoor est.)
Smithfield Foods,Business Analyst - Sales/Use Tax (Hybrid Opportunity),"Smithfield, VA",30d+,$46K - $67K (Glassdoor est.)
The Walman Optical Company,Data Analyst - Sales,"Minneapolis, MN",28d,$47K - $72K (Glassdoor est.)
Puget Sound Energy,Senior Compensation Analyst,"Bellevue, WA",27d,$85K - $142K (Employer est.)
"Roaring Fork Operating, LLC",Oil & Gas Production Analyst,"Tyler, TX",12d,$40K - $65K (Employer est.)
UCPath Center,WORKFORCE ADMINISTRATION BUSINESS ANALYST (HYBRID) MULTIPLE OPENINGS,"Riverside, CA",30d+,$69K - $124K (Employer est.)
Pathways Autism Center,Board Certified Behavior Analyst (BCBA),"Atlanta, GA",25d,$75K - $95K (Employer est.)
KBR,Senior Data Science Analyst - TS/SCI Hiring Event,"Chantilly, VA",10d,$73K - $109K (Glassdoor est.)
We Are Sharing Hope Sc,Data Analytics Specialist,"North Charleston, SC",30d+,$56K - $70K (Employer est.)
Ridgewood Talent Acquisition,Certified Medical Coder Data Analyst,"Denver, CO",11d,$50K - $55K (Employer est.)
Alternate Solutions Health Network,Human Resources Analyst,"Kettering, OH",3d,$50K - $70K (Glassdoor est.)
Medical Specialists of the Palm Beaches Inc,Data Analyst,"Boynton Beach, FL",30d+,$50K - $75K (Glassdoor est.)
Smithfield Foods,Business Analyst - Sales/Use Tax (Hybrid Opportunity),"Smithfield, VA",30d+,$46K - $67K (Glassdoor est.)
Environmental Consultants (ECI),Resource Coordinator/Data Analyst,"Louisville, KY",8d,$44K - $60K (Glassdoor est.)
"Roaring Fork Operating, LLC",Oil & Gas Production Analyst,"Tyler, TX",12d,$40K - $65K (Employer est.)
Hammond Associates Inc.,Board Certified Behavior Analyst (BCBA),"Portland, ME",10d,$55K - $65K (Employer est.)
Waynesville R-VI School District,Board Certified Behavior Analyst (BCBA),"Waynesville, MO",18d,$58K (Employer est.)
Slim Chickens,Senior Data Analyst - Finance,"Fayetteville, AR",30d+,$64K - $91K (Glassdoor est.)
Health and Behavioral Dimensions,Board Certified Behavior Analyst (BCBA),"Hallandale Beach, FL",30d+,$80K (Employer est.)
Aspire Learning Center,Board Certified Behavior Analyst (BCBA),"Beverly, MA",12d,$50.00 - $70.00 Per Hour(Employer est.)
Beebe Healthcare,Revenue Integrity Analyst - Business Analyst,"Dover, DE",19d,$63K - $84K (Glassdoor est.)
Chelan County Public Utility District,Data Analyst,"Wenatchee, WA",17d,$61K - $128K (Employer est.)
Kum & Go,Energy Analyst,"Des Moines, IA",30d+,$45K - $73K (Glassdoor est.)
"Irby Psychological Services, LLC",Board Certified Behavior Analyst (BCBA),"Cleveland, MS",5d,$67K (Employer est.)
Fiorella Insurance Agency,"Data Analyst, Reporting & Planning","West Palm Beach, FL",10d,$40K - $60K (Employer est.)
STIHL Inc.,Master Data Analyst,"Virginia Beach, VA",25d,$46K - $69K (Glassdoor est.)
Ambitions of Washington - Accendo Office,Board Certified Behavior Analyst (BCBA),"Spokane Valley, Spokane, WA",18d,$75K - $95K (Employer est.)
Knox Community Hospital,Financial Analyst,"Mount Vernon, OH",20d,$23.00 - $34.00 Per Hour(Employer est.)
Jumpstart Developmental Services,Board Certified Behavior Analyst (BCBA),"Hialeah, FL",30d+,$60.00 - $65.00 Per Hour(Employer est.)
The Sonder Autism Center,Board Certified Behavior Analyst (BCBA),"Melbourne, FL",30d+,$65K (Employer est.)
Life Skills Kid Therapy,Board Certified Behavior Analyst - BCBA,"Fort Lauderdale, FL",4d,$65.00 - $75.00 Per Hour(Employer est.)
Oakland Community Health Network,Utilization Management Clinical Analyst - SUD,"Troy, MI",30d+,$56K (Employer est.)
College of the Siskiyous,Business Analyst II,"Weed, CA",30d+,$58K - $71K (Employer est.)
Strategic Behavioral Solutions,Board Certified Behavior Analyst (BCBA/LABA) (Full-Time & Part-Time),"Auburn, MA",24d,$75K - $90K (Employer est.)
"USA Automotive Partners, LLC",IT Analyst,"College Station, TX",30d+,$40K - $82K (Employer est.)
Goodwill Industries NWNC,Sr Human Resources Analyst - HRIS,"Winston-Salem, NC",6d,$65K - $75K (Employer est.)
Linx Autism Services,Board Certified Behavior Analyst,"Lawrence, MA",30d+,$75.00 - $80.00 Per Hour(Employer est.)
Hunt Capital Partners LLC,Senior Tax Analyst,"Encino, CA",30d+,$68K (Employer est.)
Shure,Tax Analyst II,"Niles, IL",30d+,$58K - $75K (Glassdoor est.)
We Are Sharing Hope Sc,Data Analytics Specialist,"North Charleston, SC",30d+,$56K - $70K (Employer est.)
Ridgewood Talent Acquisition,Certified Medical Coder Data Analyst,"Denver, CO",11d,$50K - $55K (Employer est.)
Alternate Solutions Health Network,Human Resources Analyst,"Kettering, OH",3d,$50K - $70K (Glassdoor est.)
Medical Specialists of the Palm Beaches Inc,Data Analyst,"Boynton Beach, FL",30d+,$50K - $75K (Glassdoor est.)
Smithfield Foods,Business Analyst - Sales/Use Tax (Hybrid Opportunity),"Smithfield, VA",30d+,$46K - $67K (Glassdoor est.)
"Roaring Fork Operating, LLC",Oil & Gas Production Analyst,"Tyler, TX",12d,$40K - $65K (Employer est.)
Hammond Associates Inc.,Board Certified Behavior Analyst (BCBA),"Portland, ME",10d,$55K - $65K (Employer est.)
Waynesville R-VI School District,Board Certified Behavior Analyst (BCBA),"Waynesville, MO",18d,$58K (Employer est.)
Slim Chickens,Senior Data Analyst - Finance,"Fayetteville, AR",30d+,$64K - $91K (Glassdoor est.)
Health and Behavioral Dimensions,Board Certified Behavior Analyst (BCBA),"Hallandale Beach, FL",30d+,$80K (Employer est.)
Aspire Learning Center,Board Certified Behavior Analyst (BCBA),"Beverly, MA",12d,$50.00 - $70.00 Per Hour(Employer est.)
Beebe Healthcare,Revenue Integrity Analyst - Business Analyst,"Dover, DE",19d,$63K - $84K (Glassdoor est.)
Chelan County Public Utility District,Data Analyst,"Wenatchee, WA",17d,$61K - $128K (Employer est.)
Kum & Go,Energy Analyst,"Des Moines, IA",30d+,$45K - $73K (Glassdoor est.)
"Irby Psychological Services, LLC",Board Certified Behavior Analyst (BCBA),"Cleveland, MS",5d,$67K (Employer est.)
Fiorella Insurance Agency,"Data Analyst, Reporting & Planning","West Palm Beach, FL",10d,$40K - $60K (Employer est.)
STIHL Inc.,Master Data Analyst,"Virginia Beach, VA",25d,$46K - $69K (Glassdoor est.)
Ambitions of Washington - Accendo Office,Board Certified Behavior Analyst (BCBA),"Spokane Valley, Spokane, WA",18d,$75K - $95K (Employer est.)
Knox Community Hospital,Financial Analyst,"Mount Vernon, OH",20d,$23.00 - $34.00 Per Hour(Employer est.)
Jumpstart Developmental Services,Board Certified Behavior Analyst (BCBA),"Hialeah, FL",30d+,$60.00 - $65.00 Per Hour(Employer est.)
The Sonder Autism Center,Board Certified Behavior Analyst (BCBA),"Melbourne, FL",30d+,$65K (Employer est.)
Life Skills Kid Therapy,Board Certified Behavior Analyst - BCBA,"Fort Lauderdale, FL",4d,$65.00 - $75.00 Per Hour(Employer est.)
Oakland Community Health Network,Utilization Management Clinical Analyst - SUD,"Troy, MI",30d+,$56K (Employer est.)
College of the Siskiyous,Business Analyst II,"Weed, CA",30d+,$58K - $71K (Employer est.)
Strategic Behavioral Solutions,Board Certified Behavior Analyst (BCBA/LABA) (Full-Time & Part-Time),"Auburn, MA",24d,$75K - $90K (Employer est.)
"USA Automotive Partners, LLC",IT Analyst,"College Station, TX",30d+,$40K - $82K (Employer est.)
Goodwill Industries NWNC,Sr Human Resources Analyst - HRIS,"Winston-Salem, NC",6d,$65K - $75K (Employer est.)
Linx Autism Services,Board Certified Behavior Analyst,"Lawrence, MA",30d+,$75.00 - $80.00 Per Hour(Employer est.)
Hunt Capital Partners LLC,Senior Tax Analyst,"Encino, CA",30d+,$68K (Employer est.)
We Are Sharing Hope Sc,Data Analytics Specialist,"North Charleston, SC",30d+,$56K - $70K (Employer est.)
Ridgewood Talent Acquisition,Certified Medical Coder Data Analyst,"Denver, CO",11d,$50K - $55K (Employer est.)
Alternate Solutions Health Network,Human Resources Analyst,"Kettering, OH",3d,$50K - $70K (Glassdoor est.)
Medical Specialists of the Palm Beaches Inc,Data Analyst,"Boynton Beach, FL",30d+,$50K - $75K (Glassdoor est.)
Smithfield Foods,Business Analyst - Sales/Use Tax (Hybrid Opportunity),"Smithfield, VA",30d+,$46K - $67K (Glassdoor est.)
"Roaring Fork Operating, LLC",Oil & Gas Production Analyst,"Tyler, TX",12d,$40K - $65K (Employer est.)
Hammond Associates Inc.,Board Certified Behavior Analyst (BCBA),"Portland, ME",10d,$55K - $65K (Employer est.)
Waynesville R-VI School District,Board Certified Behavior Analyst (BCBA),"Waynesville, MO",18d,$58K (Employer est.)
Slim Chickens,Senior Data Analyst - Finance,"Fayetteville, AR",30d+,$64K - $91K (Glassdoor est.)
Health and Behavioral Dimensions,Board Certified Behavior Analyst (BCBA),"Hallandale Beach, FL",30d+,$80K (Employer est.)
Aspire Learning Center,Board Certified Behavior Analyst (BCBA),"Beverly, MA",12d,$50.00 - $70.00 Per Hour(Employer est.)
Beebe Healthcare,Revenue Integrity Analyst - Business Analyst,"Dover, DE",19d,$63K - $84K (Glassdoor est.)
Chelan County Public Utility District,Data Analyst,"Wenatchee, WA",17d,$61K - $128K (Employer est.)
Kum & Go,Energy Analyst,"Des Moines, IA",30d+,$45K - $73K (Glassdoor est.)
"Irby Psychological Services, LLC",Board Certified Behavior Analyst (BCBA),"Cleveland, MS",5d,$67K (Employer est.)
Fiorella Insurance Agency,"Data Analyst, Reporting & Planning","West Palm Beach, FL",10d,$40K - $60K (Employer est.)
STIHL Inc.,Master Data Analyst,"Virginia Beach, VA",25d,$46K - $69K (Glassdoor est.)
Ambitions of Washington - Accendo Office,Board Certified Behavior Analyst (BCBA),"Spokane Valley, Spokane, WA",18d,$75K - $95K (Employer est.)
Knox Community Hospital,Financial Analyst,"Mount Vernon, OH",20d,$23.00 - $34.00 Per Hour(Employer est.)
Jumpstart Developmental Services,Board Certified Behavior Analyst (BCBA),"Hialeah, FL",30d+,$60.00 - $65.00 Per Hour(Employer est.)
The Sonder Autism Center,Board Certified Behavior Analyst (BCBA),"Melbourne, FL",30d+,$65K (Employer est.)
Life Skills Kid Therapy,Board Certified Behavior Analyst - BCBA,"Fort Lauderdale, FL",4d,$65.00 - $75.00 Per Hour(Employer est.)
Oakland Community Health Network,Utilization Management Clinical Analyst - SUD,"Troy, MI",30d+,$56K (Employer est.)
College of the Siskiyous,Business Analyst II,"Weed, CA",30d+,$58K - $71K (Employer est.)
Strategic Behavioral Solutions,Board Certified Behavior Analyst (BCBA/LABA) (Full-Time & Part-Time),"Auburn, MA",24d,$75K - $90K (Employer est.)
"USA Automotive Partners, LLC",IT Analyst,"College Station, TX",30d+,$40K - $82K (Employer est.)
Goodwill Industries NWNC,Sr Human Resources Analyst - HRIS,"Winston-Salem, NC",6d,$65K - $75K (Employer est.)
Linx Autism Services,Board Certified Behavior Analyst,"Lawrence, MA",30d+,$75.00 - $80.00 Per Hour(Employer est.)
Hunt Capital Partners LLC,Senior Tax Analyst,"Encino, CA",30d+,$68K (Employer est.)
340Basics,Business Analyst Team Lead,"Melville, NY",30d+,$67K - $97K (Glassdoor est.)
Shure,Tax Analyst II,"Niles, IL",30d+,$58K - $75K (Glassdoor est.)
We Are Sharing Hope Sc,Data Analytics Specialist,"North Charleston, SC",30d+,$56K - $70K (Employer est.)
Ridgewood Talent Acquisition,Certified Medical Coder Data Analyst,"Denver, CO",11d,$50K - $55K (Employer est.)
Alternate Solutions Health Network,Human Resources Analyst,"Kettering, OH",3d,$50K - $70K (Glassdoor est.)
Medical Specialists of the Palm Beaches Inc,Data Analyst,"Boynton Beach, FL",30d+,$50K - $75K (Glassdoor est.)
Smithfield Foods,Business Analyst - Sales/Use Tax (Hybrid Opportunity),"Smithfield, VA",30d+,$46K - $67K (Glassdoor est.)
Environmental Consultants (ECI),Resource Coordinator/Data Analyst,"Louisville, KY",8d,$44K - $60K (Glassdoor est.)
"Roaring Fork Operating, LLC",Oil & Gas Production Analyst,"Tyler, TX",12d,$40K - $65K (Employer est.)
Hammond Associates Inc.,Board Certified Behavior Analyst (BCBA),"Portland, ME",10d,$55K - $65K (Employer est.)
Waynesville R-VI School District,Board Certified Behavior Analyst (BCBA),"Waynesville, MO",18d,$58K (Employer est.)
Slim Chickens,Senior Data Analyst - Finance,"Fayetteville, AR",30d+,$64K - $91K (Glassdoor est.)
Health and Behavioral Dimensions,Board Certified Behavior Analyst (BCBA),"Hallandale Beach, FL",30d+,$80K (Employer est.)
Aspire Learning Center,Board Certified Behavior Analyst (BCBA),"Beverly, MA",12d,$50.00 - $70.00 Per Hour(Employer est.)
Beebe Healthcare,Revenue Integrity Analyst - Business Analyst,"Dover, DE",19d,$63K - $84K (Glassdoor est.)
Chelan County Public Utility District,Data Analyst,"Wenatchee, WA",17d,$61K - $128K (Employer est.)
Kum & Go,Energy Analyst,"Des Moines, IA",30d+,$45K - $73K (Glassdoor est.)
"Irby Psychological Services, LLC",Board Certified Behavior Analyst (BCBA),"Cleveland, MS",5d,$67K (Employer est.)
Fiorella Insurance Agency,"Data Analyst, Reporting & Planning","West Palm Beach, FL",10d,$40K - $60K (Employer est.)
STIHL Inc.,Master Data Analyst,"Virginia Beach, VA",25d,$46K - $69K (Glassdoor est.)
Ambitions of Washington - Accendo Office,Board Certified Behavior Analyst (BCBA),"Spokane Valley, Spokane, WA",18d,$75K - $95K (Employer est.)
Knox Community Hospital,Financial Analyst,"Mount Vernon, OH",20d,$23.00 - $34.00 Per Hour(Employer est.)
Jumpstart Developmental Services,Board Certified Behavior Analyst (BCBA),"Hialeah, FL",30d+,$60.00 - $65.00 Per Hour(Employer est.)
The Sonder Autism Center,Board Certified Behavior Analyst (BCBA),"Melbourne, FL",30d+,$65K (Employer est.)
Life Skills Kid Therapy,Board Certified Behavior Analyst - BCBA,"Fort Lauderdale, FL",4d,$65.00 - $75.00 Per Hour(Employer est.)
Oakland Community Health Network,Utilization Management Clinical Analyst - SUD,"Troy, MI",30d+,$56K (Employer est.)
College of the Siskiyous,Business Analyst II,"Weed, CA",30d+,$58K - $71K (Employer est.)
Strategic Behavioral Solutions,Board Certified Behavior Analyst (BCBA/LABA) (Full-Time & Part-Time),"Auburn, MA",24d,$75K - $90K (Employer est.)
"USA Automotive Partners, LLC",IT Analyst,"College Station, TX",30d+,$40K - $82K (Employer est.)
Goodwill Industries NWNC,Sr Human Resources Analyst - HRIS,"Winston-Salem, NC",6d,$65K - $75K (Employer est.)
Linx Autism Services,Board Certified Behavior Analyst,"Lawrence, MA",30d+,$75.00 - $80.00 Per Hour(Employer est.)
Shure,Tax Analyst II,"Niles, IL",30d+,$58K - $75K (Glassdoor est.)
We Are Sharing Hope Sc,Data Analytics Specialist,"North Charleston, SC",30d+,$56K - $70K (Employer est.)
Ridgewood Talent Acquisition,Certified Medical Coder Data Analyst,"Denver, CO",11d,$50K - $55K (Employer est.)
Alternate Solutions Health Network,Human Resources Analyst,"Kettering, OH",3d,$50K - $70K (Glassdoor est.)
Medical Specialists of the Palm Beaches Inc,Data Analyst,"Boynton Beach, FL",30d+,$50K - $75K (Glassdoor est.)
Smithfield Foods,Business Analyst - Sales/Use Tax (Hybrid Opportunity),"Smithfield, VA",30d+,$46K - $67K (Glassdoor est.)
"Roaring Fork Operating, LLC",Oil & Gas Production Analyst,"Tyler, TX",12d,$40K - $65K (Employer est.)
Hammond Associates Inc.,Board Certified Behavior Analyst (BCBA),"Portland, ME",10d,$55K - $65K (Employer est.)
Waynesville R-VI School District,Board Certified Behavior Analyst (BCBA),"Waynesville, MO",18d,$58K (Employer est.)
Slim Chickens,Senior Data Analyst - Finance,"Fayetteville, AR",30d+,$64K - $91K (Glassdoor est.)
Health and Behavioral Dimensions,Board Certified Behavior Analyst (BCBA),"Hallandale Beach, FL",30d+,$80K (Employer est.)
Aspire Learning Center,Board Certified Behavior Analyst (BCBA),"Beverly, MA",12d,$50.00 - $70.00 Per Hour(Employer est.)
Beebe Healthcare,Revenue Integrity Analyst - Business Analyst,"Dover, DE",19d,$63K - $84K (Glassdoor est.)
Chelan County Public Utility District,Data Analyst,"Wenatchee, WA",17d,$61K - $128K (Employer est.)
Kum & Go,Energy Analyst,"Des Moines, IA",30d+,$45K - $73K (Glassdoor est.)
"Irby Psychological Services, LLC",Board Certified Behavior Analyst (BCBA),"Cleveland, MS",5d,$67K (Employer est.)
Fiorella Insurance Agency,"Data Analyst, Reporting & Planning","West Palm Beach, FL",10d,$40K - $60K (Employer est.)
STIHL Inc.,Master Data Analyst,"Virginia Beach, VA",25d,$46K - $69K (Glassdoor est.)
Ambitions of Washington - Accendo Office,Board Certified Behavior Analyst (BCBA),"Spokane Valley, Spokane, WA",18d,$75K - $95K (Employer est.)
Knox Community Hospital,Financial Analyst,"Mount Vernon, OH",20d,$23.00 - $34.00 Per Hour(Employer est.)
Jumpstart Developmental Services,Board Certified Behavior Analyst (BCBA),"Hialeah, FL",30d+,$60.00 - $65.00 Per Hour(Employer est.)
The Sonder Autism Center,Board Certified Behavior Analyst (BCBA),"Melbourne, FL",30d+,$65K (Employer est.)
Life Skills Kid Therapy,Board Certified Behavior Analyst - BCBA,"Fort Lauderdale, FL",4d,$65.00 - $75.00 Per Hour(Employer est.)
Oakland Community Health Network,Utilization Management Clinical Analyst - SUD,"Troy, MI",30d+,$56K (Employer est.)
College of the Siskiyous,Business Analyst II,"Weed, CA",30d+,$58K - $71K (Employer est.)
Strategic Behavioral Solutions,Board Certified Behavior Analyst (BCBA/LABA) (Full-Time & Part-Time),"Auburn, MA",24d,$75K - $90K (Employer est.)
"USA Automotive Partners, LLC",IT Analyst,"College Station, TX",30d+,$40K - $82K (Employer est.)
Goodwill Industries NWNC,Sr Human Resources Analyst - HRIS,"Winston-Salem, NC",6d,$65K - $75K (Employer est.)
Linx Autism Services,Board Certified Behavior Analyst,"Lawrence, MA",30d+,$75.00 - $80.00 Per Hour(Employer est.)
Hunt Capital Partners LLC,Senior Tax Analyst,"Encino, CA",30d+,$68K (Employer est.)
Shure,Tax Analyst II,"Niles, IL",30d+,$58K - $75K (Glassdoor est.)
We Are Sharing Hope Sc,Data Analytics Specialist,"North Charleston, SC",30d+,$56K - $70K (Employer est.)
Ridgewood Talent Acquisition,Certified Medical Coder Data Analyst,"Denver, CO",11d,$50K - $55K (Employer est.)
Alternate Solutions Health Network,Human Resources Analyst,"Kettering, OH",3d,$50K - $70K (Glassdoor est.)
Medical Specialists of the Palm Beaches Inc,Data Analyst,"Boynton Beach, FL",30d+,$50K - $75K (Glassdoor est.)
Smithfield Foods,Business Analyst - Sales/Use Tax (Hybrid Opportunity),"Smithfield, VA",30d+,$46K - $67K (Glassdoor est.)
Environmental Consultants (ECI),Resource Coordinator/Data Analyst,"Louisville, KY",8d,$44K - $60K (Glassdoor est.)
"Roaring Fork Operating, LLC",Oil & Gas Production Analyst,"Tyler, TX",12d,$40K - $65K (Employer est.)
Hammond Associates Inc.,Board Certified Behavior Analyst (BCBA),"Portland, ME",10d,$55K - $65K (Employer est.)
Waynesville R-VI School District,Board Certified Behavior Analyst (BCBA),"Waynesville, MO",18d,$58K (Employer est.)
Slim Chickens,Senior Data Analyst - Finance,"Fayetteville, AR",30d+,$64K - $91K (Glassdoor est.)
Health and Behavioral Dimensions,Board Certified Behavior Analyst (BCBA),"Hallandale Beach, FL",30d+,$80K (Employer est.)
Aspire Learning Center,Board Certified Behavior Analyst (BCBA),"Beverly, MA",12d,$50.00 - $70.00 Per Hour(Employer est.)
Beebe Healthcare,Revenue Integrity Analyst - Business Analyst,"Dover, DE",19d,$63K - $84K (Glassdoor est.)
Chelan County Public Utility District,Data Analyst,"Wenatchee, WA",17d,$61K - $128K (Employer est.)
Kum & Go,Energy Analyst,"Des Moines, IA",30d+,$45K - $73K (Glassdoor est.)
"Irby Psychological Services, LLC",Board Certified Behavior Analyst (BCBA),"Cleveland, MS",5d,$67K (Employer est.)
Fiorella Insurance Agency,"Data Analyst, Reporting & Planning","West Palm Beach, FL",10d,$40K - $60K (Employer est.)
STIHL Inc.,Master Data Analyst,"Virginia Beach, VA",25d,$46K - $69K (Glassdoor est.)
Ambitions of Washington - Accendo Office,Board Certified Behavior Analyst (BCBA),"Spokane Valley, Spokane, WA",18d,$75K - $95K (Employer est.)
Knox Community Hospital,Financial Analyst,"Mount Vernon, OH",20d,$23.00 - $34.00 Per Hour(Employer est.)
Jumpstart Developmental Services,Board Certified Behavior Analyst (BCBA),"Hialeah, FL",30d+,$60.00 - $65.00 Per Hour(Employer est.)
The Sonder Autism Center,Board Certified Behavior Analyst (BCBA),"Melbourne, FL",30d+,$65K (Employer est.)
Life Skills Kid Therapy,Board Certified Behavior Analyst - BCBA,"Fort Lauderdale, FL",4d,$65.00 - $75.00 Per Hour(Employer est.)
Oakland Community Health Network,Utilization Management Clinical Analyst - SUD,"Troy, MI",30d+,$56K (Employer est.)
College of the Siskiyous,Business Analyst II,"Weed, CA",30d+,$58K - $71K (Employer est.)
Strategic Behavioral Solutions,Board Certified Behavior Analyst (BCBA/LABA) (Full-Time & Part-Time),"Auburn, MA",24d,$75K - $90K (Employer est.)
"USA Automotive Partners, LLC",IT Analyst,"College Station, TX",30d+,$40K - $82K (Employer est.)
Goodwill Industries NWNC,Sr Human Resources Analyst - HRIS,"Winston-Salem, NC",6d,$65K - $75K (Employer est.)
Linx Autism Services,Board Certified Behavior Analyst,"Lawrence, MA",30d+,$75.00 - $80.00 Per Hour(Employer est.)
Shure,Tax Analyst II,"Niles, IL",30d+,$58K - $75K (Glassdoor est.)
We Are Sharing Hope Sc,Data Analytics Specialist,"North Charleston, SC",30d+,$56K - $70K (Employer est.)
Ridgewood Talent Acquisition,Certified Medical Coder Data Analyst,"Denver, CO",11d,$50K - $55K (Employer est.)
Alternate Solutions Health Network,Human Resources Analyst,"Kettering, OH",3d,$50K - $70K (Glassdoor est.)
Medical Specialists of the Palm Beaches Inc,Data Analyst,"Boynton Beach, FL",30d+,$50K - $75K (Glassdoor est.)
Smithfield Foods,Business Analyst - Sales/Use Tax (Hybrid Opportunity),"Smithfield, VA",30d+,$46K - $67K (Glassdoor est.)
Environmental Consultants (ECI),Resource Coordinator/Data Analyst,"Louisville, KY",8d,$44K - $60K (Glassdoor est.)
"Roaring Fork Operating, LLC",Oil & Gas Production Analyst,"Tyler, TX",12d,$40K - $65K (Employer est.)
Hammond Associates Inc.,Board Certified Behavior Analyst (BCBA),"Portland, ME",10d,$55K - $65K (Employer est.)
Waynesville R-VI School District,Board Certified Behavior Analyst (BCBA),"Waynesville, MO",18d,$58K (Employer est.)
Health and Behavioral Dimensions,Board Certified Behavior Analyst (BCBA),"Hallandale Beach, FL",30d+,$80K (Employer est.)
Slim Chickens,Senior Data Analyst - Finance,"Fayetteville, AR",30d+,$64K - $91K (Glassdoor est.)
Aspire Learning Center,Board Certified Behavior Analyst (BCBA),"Beverly, MA",12d,$50.00 - $70.00 Per Hour(Employer est.)
Beebe Healthcare,Revenue Integrity Analyst - Business Analyst,"Dover, DE",19d,$63K - $84K (Glassdoor est.)
Chelan County Public Utility District,Data Analyst,"Wenatchee, WA",17d,$61K - $128K (Employer est.)
Kum & Go,Energy Analyst,"Des Moines, IA",30d+,$45K - $73K (Glassdoor est.)
"Irby Psychological Services, LLC",Board Certified Behavior Analyst (BCBA),"Cleveland, MS",5d,$67K (Employer est.)
Fiorella Insurance Agency,"Data Analyst, Reporting & Planning","West Palm Beach, FL",10d,$40K - $60K (Employer est.)
STIHL Inc.,Master Data Analyst,"Virginia Beach, VA",25d,$46K - $69K (Glassdoor est.)
Ambitions of Washington - Accendo Office,Board Certified Behavior Analyst (BCBA),"Spokane Valley, Spokane, WA",18d,$75K - $95K (Employer est.)
Knox Community Hospital,Financial Analyst,"Mount Vernon, OH",20d,$23.00 - $34.00 Per Hour(Employer est.)
Jumpstart Developmental Services,Board Certified Behavior Analyst (BCBA),"Hialeah, FL",30d+,$60.00 - $65.00 Per Hour(Employer est.)
The Sonder Autism Center,Board Certified Behavior Analyst (BCBA),"Melbourne, FL",30d+,$65K (Employer est.)
Life Skills Kid Therapy,Board Certified Behavior Analyst - BCBA,"Fort Lauderdale, FL",4d,$65.00 - $75.00 Per Hour(Employer est.)
Oakland Community Health Network,Utilization Management Clinical Analyst - SUD,"Troy, MI",30d+,$56K (Employer est.)
College of the Siskiyous,Business Analyst II,"Weed, CA",30d+,$58K - $71K (Employer est.)
Strategic Behavioral Solutions,Board Certified Behavior Analyst (BCBA/LABA) (Full-Time & Part-Time),"Auburn, MA",24d,$75K - $90K (Employer est.)
"USA Automotive Partners, LLC",IT Analyst,"College Station, TX",30d+,$40K - $82K (Employer est.)
Goodwill Industries NWNC,Sr Human Resources Analyst - HRIS,"Winston-Salem, NC",6d,$65K - $75K (Employer est.)
Linx Autism Services,Board Certified Behavior Analyst,"Lawrence, MA",30d+,$75.00 - $80.00 Per Hour(Employer est.)
We Are Sharing Hope Sc,Data Analytics Specialist,"North Charleston, SC",30d+,$56K - $70K (Employer est.)
Ridgewood Talent Acquisition,Certified Medical Coder Data Analyst,"Denver, CO",11d,$50K - $55K (Employer est.)
Alternate Solutions Health Network,Human Resources Analyst,"Kettering, OH",3d,$50K - $70K (Glassdoor est.)
Medical Specialists of the Palm Beaches Inc,Data Analyst,"Boynton Beach, FL",30d+,$50K - $75K (Glassdoor est.)
Smithfield Foods,Business Analyst - Sales/Use Tax (Hybrid Opportunity),"Smithfield, VA",30d+,$46K - $67K (Glassdoor est.)
Environmental Consultants (ECI),Resource Coordinator/Data Analyst,"Louisville, KY",8d,$44K - $60K (Glassdoor est.)
"Roaring Fork Operating, LLC",Oil & Gas Production Analyst,"Tyler, TX",12d,$40K - $65K (Employer est.)
Hammond Associates Inc.,Board Certified Behavior Analyst (BCBA),"Portland, ME",10d,$55K - $65K (Employer est.)
Waynesville R-VI School District,Board Certified Behavior Analyst (BCBA),"Waynesville, MO",18d,$58K (Employer est.)
Slim Chickens,Senior Data Analyst - Finance,"Fayetteville, AR",30d+,$64K - $91K (Glassdoor est.)
Health and Behavioral Dimensions,Board Certified Behavior Analyst (BCBA),"Hallandale Beach, FL",30d+,$80K (Employer est.)
Aspire Learning Center,Board Certified Behavior Analyst (BCBA),"Beverly, MA",12d,$50.00 - $70.00 Per Hour(Employer est.)
Beebe Healthcare,Revenue Integrity Analyst - Business Analyst,"Dover, DE",19d,$63K - $84K (Glassdoor est.)
Chelan County Public Utility District,Data Analyst,"Wenatchee, WA",17d,$61K - $128K (Employer est.)
Kum & Go,Energy Analyst,"Des Moines, IA",30d+,$45K - $73K (Glassdoor est.)
"Irby Psychological Services, LLC",Board Certified Behavior Analyst (BCBA),"Cleveland, MS",5d,$67K (Employer est.)
Fiorella Insurance Agency,"Data Analyst, Reporting & Planning","West Palm Beach, FL",10d,$40K - $60K (Employer est.)
STIHL Inc.,Master Data Analyst,"Virginia Beach, VA",25d,$46K - $69K (Glassdoor est.)
Ambitions of Washington - Accendo Office,Board Certified Behavior Analyst (BCBA),"Spokane Valley, Spokane, WA",18d,$75K - $95K (Employer est.)
Knox Community Hospital,Financial Analyst,"Mount Vernon, OH",20d,$23.00 - $34.00 Per Hour(Employer est.)
Jumpstart Developmental Services,Board Certified Behavior Analyst (BCBA),"Hialeah, FL",30d+,$60.00 - $65.00 Per Hour(Employer est.)
The Sonder Autism Center,Board Certified Behavior Analyst (BCBA),"Melbourne, FL",30d+,$65K (Employer est.)
Life Skills Kid Therapy,Board Certified Behavior Analyst - BCBA,"Fort Lauderdale, FL",4d,$65.00 - $75.00 Per Hour(Employer est.)
Oakland Community Health Network,Utilization Management Clinical Analyst - SUD,"Troy, MI",30d+,$56K (Employer est.)
College of the Siskiyous,Business Analyst II,"Weed, CA",30d+,$58K - $71K (Employer est.)
Strategic Behavioral Solutions,Board Certified Behavior Analyst (BCBA/LABA) (Full-Time & Part-Time),"Auburn, MA",24d,$75K - $90K (Employer est.)
"USA Automotive Partners, LLC",IT Analyst,"College Station, TX",30d+,$40K - $82K (Employer est.)
Goodwill Industries NWNC,Sr Human Resources Analyst - HRIS,"Winston-Salem, NC",6d,$65K - $75K (Employer est.)
Linx Autism Services,Board Certified Behavior Analyst,"Lawrence, MA",30d+,$75.00 - $80.00 Per Hour(Employer est.)
Hunt Capital Partners LLC,Senior Tax Analyst,"Encino, CA",30d+,$68K (Employer est.)
Shure,Tax Analyst II,"Niles, IL",30d+,$58K - $75K (Glassdoor est.)
We Are Sharing Hope Sc,Data Analytics Specialist,"North Charleston, SC",30d+,$56K - $70K (Employer est.)
Ridgewood Talent Acquisition,Certified Medical Coder Data Analyst,"Denver, CO",11d,$50K - $55K (Employer est.)
Alternate Solutions Health Network,Human Resources Analyst,"Kettering, OH",3d,$50K - $70K (Glassdoor est.)
Medical Specialists of the Palm Beaches Inc,Data Analyst,"Boynton Beach, FL",30d+,$50K - $75K (Glassdoor est.)
Smithfield Foods,Business Analyst - Sales/Use Tax (Hybrid Opportunity),"Smithfield, VA",30d+,$46K - $67K (Glassdoor est.)
Environmental Consultants (ECI),Resource Coordinator/Data Analyst,"Louisville, KY",8d,$44K - $60K (Glassdoor est.)
"Roaring Fork Operating, LLC",Oil & Gas Production Analyst,"Tyler, TX",12d,$40K - $65K (Employer est.)
Hammond Associates Inc.,Board Certified Behavior Analyst (BCBA),"Portland, ME",10d,$55K - $65K (Employer est.)
Waynesville R-VI School District,Board Certified Behavior Analyst (BCBA),"Waynesville, MO",18d,$58K (Employer est.)
Slim Chickens,Senior Data Analyst - Finance,"Fayetteville, AR",30d+,$64K - $91K (Glassdoor est.)
Health and Behavioral Dimensions,Board Certified Behavior Analyst (BCBA),"Hallandale Beach, FL",30d+,$80K (Employer est.)
Aspire Learning Center,Board Certified Behavior Analyst (BCBA),"Beverly, MA",12d,$50.00 - $70.00 Per Hour(Employer est.)
Beebe Healthcare,Revenue Integrity Analyst - Business Analyst,"Dover, DE",19d,$63K - $84K (Glassdoor est.)
Chelan County Public Utility District,Data Analyst,"Wenatchee, WA",17d,$61K - $128K (Employer est.)
Kum & Go,Energy Analyst,"Des Moines, IA",30d+,$45K - $73K (Glassdoor est.)
"Irby Psychological Services, LLC",Board Certified Behavior Analyst (BCBA),"Cleveland, MS",5d,$67K (Employer est.)
Fiorella Insurance Agency,"Data Analyst, Reporting & Planning","West Palm Beach, FL",10d,$40K - $60K (Employer est.)
STIHL Inc.,Master Data Analyst,"Virginia Beach, VA",25d,$46K - $69K (Glassdoor est.)
Ambitions of Washington - Accendo Office,Board Certified Behavior Analyst (BCBA),"Spokane Valley, Spokane, WA",18d,$75K - $95K (Employer est.)
Knox Community Hospital,Financial Analyst,"Mount Vernon, OH",20d,$23.00 - $34.00 Per Hour(Employer est.)
Jumpstart Developmental Services,Board Certified Behavior Analyst (BCBA),"Hialeah, FL",30d+,$60.00 - $65.00 Per Hour(Employer est.)
The Sonder Autism Center,Board Certified Behavior Analyst (BCBA),"Melbourne, FL",30d+,$65K (Employer est.)
Life Skills Kid Therapy,Board Certified Behavior Analyst - BCBA,"Fort Lauderdale, FL",4d,$65.00 - $75.00 Per Hour(Employer est.)
Oakland Community Health Network,Utilization Management Clinical Analyst - SUD,"Troy, MI",30d+,$56K (Employer est.)
College of the Siskiyous,Business Analyst II,"Weed, CA",30d+,$58K - $71K (Employer est.)
Strategic Behavioral Solutions,Board Certified Behavior Analyst (BCBA/LABA) (Full-Time & Part-Time),"Auburn, MA",24d,$75K - $90K (Employer est.)
"USA Automotive Partners, LLC",IT Analyst,"College Station, TX",30d+,$40K - $82K (Employer est.)
Goodwill Industries NWNC,Sr Human Resources Analyst - HRIS,"Winston-Salem, NC",6d,$65K - $75K (Employer est.)
Linx Autism Services,Board Certified Behavior Analyst,"Lawrence, MA",30d+,$75.00 - $80.00 Per Hour(Employer est.)
We Are Sharing Hope Sc,Data Analytics Specialist,"North Charleston, SC",30d+,$56K - $70K (Employer est.)
Ridgewood Talent Acquisition,Certified Medical Coder Data Analyst,"Denver, CO",11d,$50K - $55K (Employer est.)
Alternate Solutions Health Network,Human Resources Analyst,"Kettering, OH",3d,$50K - $70K (Glassdoor est.)
Medical Specialists of the Palm Beaches Inc,Data Analyst,"Boynton Beach, FL",30d+,$50K - $75K (Glassdoor est.)
Smithfield Foods,Business Analyst - Sales/Use Tax (Hybrid Opportunity),"Smithfield, VA",30d+,$46K - $67K (Glassdoor est.)
Environmental Consultants (ECI),Resource Coordinator/Data Analyst,"Louisville, KY",8d,$44K - $60K (Glassdoor est.)
"Roaring Fork Operating, LLC",Oil & Gas Production Analyst,"Tyler, TX",12d,$40K - $65K (Employer est.)
Hammond Associates Inc.,Board Certified Behavior Analyst (BCBA),"Portland, ME",10d,$55K - $65K (Employer est.)
Waynesville R-VI School District,Board Certified Behavior Analyst (BCBA),"Waynesville, MO",18d,$58K (Employer est.)
Slim Chickens,Senior Data Analyst - Finance,"Fayetteville, AR",30d+,$64K - $91K (Glassdoor est.)
Health and Behavioral Dimensions,Board Certified Behavior Analyst (BCBA),"Hallandale Beach, FL",30d+,$80K (Employer est.)
Aspire Learning Center,Board Certified Behavior Analyst (BCBA),"Beverly, MA",12d,$50.00 - $70.00 Per Hour(Employer est.)
Beebe Healthcare,Revenue Integrity Analyst - Business Analyst,"Dover, DE",19d,$63K - $84K (Glassdoor est.)
Chelan County Public Utility District,Data Analyst,"Wenatchee, WA",17d,$61K - $128K (Employer est.)
Kum & Go,Energy Analyst,"Des Moines, IA",30d+,$45K - $73K (Glassdoor est.)
"Irby Psychological Services, LLC",Board Certified Behavior Analyst (BCBA),"Cleveland, MS",5d,$67K (Employer est.)
Fiorella Insurance Agency,"Data Analyst, Reporting & Planning","West Palm Beach, FL",10d,$40K - $60K (Employer est.)
STIHL Inc.,Master Data Analyst,"Virginia Beach, VA",25d,$46K - $69K (Glassdoor est.)
Ambitions of Washington - Accendo Office,Board Certified Behavior Analyst (BCBA),"Spokane Valley, Spokane, WA",18d,$75K - $95K (Employer est.)
Knox Community Hospital,Financial Analyst,"Mount Vernon, OH",20d,$23.00 - $34.00 Per Hour(Employer est.)
Jumpstart Developmental Services,Board Certified Behavior Analyst (BCBA),"Hialeah, FL",30d+,$60.00 - $65.00 Per Hour(Employer est.)
The Sonder Autism Center,Board Certified Behavior Analyst (BCBA),"Melbourne, FL",30d+,$65K (Employer est.)
Life Skills Kid Therapy,Board Certified Behavior Analyst - BCBA,"Fort Lauderdale, FL",4d,$65.00 - $75.00 Per Hour(Employer est.)
Oakland Community Health Network,Utilization Management Clinical Analyst - SUD,"Troy, MI",30d+,$56K (Employer est.)
College of the Siskiyous,Business Analyst II,"Weed, CA",30d+,$58K - $71K (Employer est.)
Strategic Behavioral Solutions,Board Certified Behavior Analyst (BCBA/LABA) (Full-Time & Part-Time),"Auburn, MA",24d,$75K - $90K (Employer est.)
"USA Automotive Partners, LLC",IT Analyst,"College Station, TX",30d+,$40K - $82K (Employer est.)
Goodwill Industries NWNC,Sr Human Resources Analyst - HRIS,"Winston-Salem, NC",6d,$65K - $75K (Employer est.)
Linx Autism Services,Board Certified Behavior Analyst,"Lawrence, MA",30d+,$75.00 - $80.00 Per Hour(Employer est.)
Hunt Capital Partners LLC,Senior Tax Analyst,"Encino, CA",30d+,$68K (Employer est.)
Shure,Tax Analyst II,"Niles, IL",30d+,$58K - $75K (Glassdoor est.)
We Are Sharing Hope Sc,Data Analytics Specialist,"North Charleston, SC",30d+,$56K - $70K (Employer est.)
Ridgewood Talent Acquisition,Certified Medical Coder Data Analyst,"Denver, CO",11d,$50K - $55K (Employer est.)
Alternate Solutions Health Network,Human Resources Analyst,"Kettering, OH",3d,$50K - $70K (Glassdoor est.)
Medical Specialists of the Palm Beaches Inc,Data Analyst,"Boynton Beach, FL",30d+,$50K - $75K (Glassdoor est.)
Smithfield Foods,Business Analyst - Sales/Use Tax (Hybrid Opportunity),"Smithfield, VA",30d+,$46K - $67K (Glassdoor est.)
"Roaring Fork Operating, LLC",Oil & Gas Production Analyst,"Tyler, TX",12d,$40K - $65K (Employer est.)
Hammond Associates Inc.,Board Certified Behavior Analyst (BCBA),"Portland, ME",10d,$55K - $65K (Employer est.)
Waynesville R-VI School District,Board Certified Behavior Analyst (BCBA),"Waynesville, MO",18d,$58K (Employer est.)
Slim Chickens,Senior Data Analyst - Finance,"Fayetteville, AR",30d+,$64K - $91K (Glassdoor est.)
Health and Behavioral Dimensions,Board Certified Behavior Analyst (BCBA),"Hallandale Beach, FL",30d+,$80K (Employer est.)
Aspire Learning Center,Board Certified Behavior Analyst (BCBA),"Beverly, MA",12d,$50.00 - $70.00 Per Hour(Employer est.)
Beebe Healthcare,Revenue Integrity Analyst - Business Analyst,"Dover, DE",19d,$63K - $84K (Glassdoor est.)
Chelan County Public Utility District,Data Analyst,"Wenatchee, WA",17d,$61K - $128K (Employer est.)
Kum & Go,Energy Analyst,"Des Moines, IA",30d+,$45K - $73K (Glassdoor est.)
"Irby Psychological Services, LLC",Board Certified Behavior Analyst (BCBA),"Cleveland, MS",5d,$67K (Employer est.)
Fiorella Insurance Agency,"Data Analyst, Reporting & Planning","West Palm Beach, FL",10d,$40K - $60K (Employer est.)
STIHL Inc.,Master Data Analyst,"Virginia Beach, VA",25d,$46K - $69K (Glassdoor est.)
Ambitions of Washington - Accendo Office,Board Certified Behavior Analyst (BCBA),"Spokane Valley, Spokane, WA",18d,$75K - $95K (Employer est.)
Knox Community Hospital,Financial Analyst,"Mount Vernon, OH",20d,$23.00 - $34.00 Per Hour(Employer est.)
Jumpstart Developmental Services,Board Certified Behavior Analyst (BCBA),"Hialeah, FL",30d+,$60.00 - $65.00 Per Hour(Employer est.)
The Sonder Autism Center,Board Certified Behavior Analyst (BCBA),"Melbourne, FL",30d+,$65K (Employer est.)
Life Skills Kid Therapy,Board Certified Behavior Analyst - BCBA,"Fort Lauderdale, FL",4d,$65.00 - $75.00 Per Hour(Employer est.)
Oakland Community Health Network,Utilization Management Clinical Analyst - SUD,"Troy, MI",30d+,$56K (Employer est.)
College of the Siskiyous,Business Analyst II,"Weed, CA",30d+,$58K - $71K (Employer est.)
Strategic Behavioral Solutions,Board Certified Behavior Analyst (BCBA/LABA) (Full-Time & Part-Time),"Auburn, MA",24d,$75K - $90K (Employer est.)
"USA Automotive Partners, LLC",IT Analyst,"College Station, TX",30d+,$40K - $82K (Employer est.)
Goodwill Industries NWNC,Sr Human Resources Analyst - HRIS,"Winston-Salem, NC",6d,$65K - $75K (Employer est.)
Linx Autism Services,Board Certified Behavior Analyst,"Lawrence, MA",30d+,$75.00 - $80.00 Per Hour(Employer est.)
Hunt Capital Partners LLC,Senior Tax Analyst,"Encino, CA",30d+,$68K (Employer est.)
We Are Sharing Hope Sc,Data Analytics Specialist,"North Charleston, SC",30d+,$56K - $70K (Employer est.)
Ridgewood Talent Acquisition,Certified Medical Coder Data Analyst,"Denver, CO",11d,$50K - $55K (Employer est.)
Alternate Solutions Health Network,Human Resources Analyst,"Kettering, OH",3d,$50K - $70K (Glassdoor est.)
Medical Specialists of the Palm Beaches Inc,Data Analyst,"Boynton Beach, FL",30d+,$50K - $75K (Glassdoor est.)
Smithfield Foods,Business Analyst - Sales/Use Tax (Hybrid Opportunity),"Smithfield, VA",30d+,$46K - $67K (Glassdoor est.)
"Roaring Fork Operating, LLC",Oil & Gas Production Analyst,"Tyler, TX",12d,$40K - $65K (Employer est.)
Hammond Associates Inc.,Board Certified Behavior Analyst (BCBA),"Portland, ME",10d,$55K - $65K (Employer est.)
Waynesville R-VI School District,Board Certified Behavior Analyst (BCBA),"Waynesville, MO",18d,$58K (Employer est.)
Slim Chickens,Senior Data Analyst - Finance,"Fayetteville, AR",30d+,$64K - $91K (Glassdoor est.)
Health and Behavioral Dimensions,Board Certified Behavior Analyst (BCBA),"Hallandale Beach, FL",30d+,$80K (Employer est.)
Aspire Learning Center,Board Certified Behavior Analyst (BCBA),"Beverly, MA",12d,$50.00 - $70.00 Per Hour(Employer est.)
Beebe Healthcare,Revenue Integrity Analyst - Business Analyst,"Dover, DE",19d,$63K - $84K (Glassdoor est.)
Chelan County Public Utility District,Data Analyst,"Wenatchee, WA",17d,$61K - $128K (Employer est.)
Kum & Go,Energy Analyst,"Des Moines, IA",30d+,$45K - $73K (Glassdoor est.)
"Irby Psychological Services, LLC",Board Certified Behavior Analyst (BCBA),"Cleveland, MS",5d,$67K (Employer est.)
Fiorella Insurance Agency,"Data Analyst, Reporting & Planning","West Palm Beach, FL",10d,$40K - $60K (Employer est.)
STIHL Inc.,Master Data Analyst,"Virginia Beach, VA",25d,$46K - $69K (Glassdoor est.)
Ambitions of Washington - Accendo Office,Board Certified Behavior Analyst (BCBA),"Spokane Valley, Spokane, WA",18d,$75K - $95K (Employer est.)
Knox Community Hospital,Financial Analyst,"Mount Vernon, OH",20d,$23.00 - $34.00 Per Hour(Employer est.)
Jumpstart Developmental Services,Board Certified Behavior Analyst (BCBA),"Hialeah, FL",30d+,$60.00 - $65.00 Per Hour(Employer est.)
The Sonder Autism Center,Board Certified Behavior Analyst (BCBA),"Melbourne, FL",30d+,$65K (Employer est.)
Life Skills Kid Therapy,Board Certified Behavior Analyst - BCBA,"Fort Lauderdale, FL",4d,$65.00 - $75.00 Per Hour(Employer est.)
Oakland Community Health Network,Utilization Management Clinical Analyst - SUD,"Troy, MI",30d+,$56K (Employer est.)
College of the Siskiyous,Business Analyst II,"Weed, CA",30d+,$58K - $71K (Employer est.)
Strategic Behavioral Solutions,Board Certified Behavior Analyst (BCBA/LABA) (Full-Time & Part-Time),"Auburn, MA",24d,$75K - $90K (Employer est.)
"USA Automotive Partners, LLC",IT Analyst,"College Station, TX",30d+,$40K - $82K (Employer est.)
Goodwill Industries NWNC,Sr Human Resources Analyst - HRIS,"Winston-Salem, NC",6d,$65K - $75K (Employer est.)
Linx Autism Services,Board Certified Behavior Analyst,"Lawrence, MA",30d+,$75.00 - $80.00 Per Hour(Employer est.)
Hunt Capital Partners LLC,Senior Tax Analyst,"Encino, CA",30d+,$68K (Employer est.)
340Basics,Business Analyst Team Lead,"Melville, NY",30d+,$67K - $97K (Glassdoor est.)
